"ID","Clee","Nombre de la Unidad Económica","Razón social","Código de la clase de actividad SCIAN","Nombre de clase de la actividad","Descripcion estrato personal ocupado","Tipo de vialidad","Nombre de la vialidad","Tipo de entre vialidad 1","Nombre de entre vialidad 1","Tipo de entre vialidad 2","Nombre de entre vialidad 2","Tipo de entre vialidad 3","Nombre de entre vialidad 3","Número exterior o kilómetro","Letra exterior","Edificio","Edificio Piso","Número interior","Letra interior","Tipo de asentamiento humano","Nombre de asentamiento humano","Tipo centro comercial","Corredor industrial, centro comercial o mercado público","Número de local","Código Postal","Clave entidad","Entidad federativa","Clave municipio","Municipio","Clave localidad","Localidad","Área geoestadística básica ","Manzana","Número de teléfono","Correo electrónico","Sitio en Internet","Tipo de establecimiento","Latitud","Longitud","Fecha de incorporación al DENUE"
"6780960","13051311910000013010007454S5","05347 BARCEL MINERAL DE LA REFORMA","BARCEL","431192","Comercio al por mayor de botanas y frituras","11 a 30 personas","BOULEVARD","A LA PROVIDENCIA","CALLE","NINGUNO","CALLE","NINGUNO","CALLE","NINGUNO","109",,,,,,"COLONIA","RANCHO EL CARDENAL",,,,"42183","13","HIDALGO","051","Mineral de la Reforma","0160","Metropolitano [Parque Industrial]                                                                             ","0577","002","6865612323",,,"Fijo","20.04844207","-98.72458864","2017-03"
"6846656","13048431192000065002007454S1","05386 BARCEL PACHUCA 2","BARCEL","431192","Comercio al por mayor de botanas y frituras","31 a 50 personas","BOULEVARD","COLONIAS SANTA CATARINAS KM 3","CALLE","NINGUNO","CALLE","NINGUNO","CALLE","NINGUNO","0","KM 3",,,,,"COLONIA","VENTA PRIETA",,,,"42084","13","HIDALGO","048","Pachuca de Soto","0001","Pachuca de Soto                                                                                               ","2510","049",,"GELACIO.ORTIZ@GRUPOBIMBO.COM","WWW.BARCEL.COM.MX","Fijo","20.07596795","-98.7939892","2018-03"
"6777503","13051433410000113001003990S7","823-PACHUCA","CASA DE PAPELERIA M","433410","Comercio al por mayor de artículos de papelería","11 a 30 personas","BOULEVARD","INDEPENDENCIA","BOULEVARD","LUIS DONALDO COLOSIO","CARRETERA","PACHUCA-TULANCINGO","CALLE","MILÁN",,"SN",,,,"BODEGAS 8 Y 9","COLONIA","PORTEZUELO",,,,"42184","13","HIDALGO","051","Mineral de la Reforma","0026","El Portezuelo                                                                                                 ","119A","023",,"SCLIENTES@MARCHAND.COM.MX","WWW.MARCHAND.COM.MX","Fijo","20.08473304","-98.71716657","2017-03"
"6336145","13048461110019313002003001S9","ABARROTES CASA VARGAS","ABARROTES CASA VARGAS","431110","Comercio al por mayor de abarrotes","11 a 30 personas","BOULEVARD","LUIS DONALDO COLOSIO","CALLE","NEVADO DE POPOCATÉPETL","AVENIDA","JAVIER ROJO GÓMEZ","CALLE","IZTACCÍHUATL","800",,,,,,"COLONIA","AMPLIACIÓN SANTA JULIA",,,,"42080","13","HIDALGO","048","Pachuca de Soto","0001","Pachuca de Soto                                                                                               ","1052","028",,"FISCAL@CASAVARGAS.COM.MX","WWW.ABARROTESCASAVARGAS.MX","Fijo","20.10848424","-98.7717307","2010-07"
"6336146","13051431110000031003003001S9","ABARROTES CASA VARGAS","ABARROTES CASA VARGAS","431110","Comercio al por mayor de abarrotes","11 a 30 personas","CARRETERA","PACHUCA A SAHAGÚN","CALLE","NINGUNO","CALLE","PASEO DEL ESTUDIANTE","BOULEVARD","LUIS DONALDO COLOSIO (CARRETERA LIBRAMIENTO A TAMPICO)","37",,,,,,"COLONIA","EL CHACÓN",,,,"42186","13","HIDALGO","051","Mineral de la Reforma","0014","El Saucillo                                                                                                   ","1147","012",,"FISCAL@CASAVARGAS.COM.MX","WWW.ABARROTESCASAVARGAS.MX","Fijo","20.08324837","-98.74522173","2010-07"
"10579921","13048434221000524000000000U1","ACEROS AGREGADOS GEMASER","ACEROS AGREGADOS GESAMER","434221","Comercio al por mayor de materiales metálicos para la construcción y la manufactura","31 a 50 personas","AVENIDA","CAMINO REAL DE LA PLATA","AVENIDA","CAMINO REAL DE LA PLATA","PRIVADA","LA PURISIMA","CALLE","RIO JORDAN","216",,"PLAZA PABALLON PLATINO","18","9",,"COLONIA","ZONA PLATEADA",,,,"42084","13","HIDALGO","048","Pachuca de Soto","0001","Pachuca de Soto                                                                                               ","0764","045","5578698558","HEULISES@AAGEMASER.COM",,"Fijo","20.09714908","-98.77361242","2024-11"
"6335547","13048434221000213003000000U1","ACEROS PACHUCA","ACEROS PACHUCA","434221","Comercio al por mayor de materiales metálicos para la construcción y la manufactura","11 a 30 personas","BOULEVARD","JAVIER ROJO GOMEZ","AVENIDA","RÍO DE LAS AVENIDAS","BOULEVARD","EVERARDO MÁRQUEZ","AVENIDA","AVENIDA DE LOS MAESTROS","205",,,,,,"COLONIA","COSCOTITLÁN",,,,"42064","13","HIDALGO","048","Pachuca de Soto","0001","Pachuca de Soto                                                                                               ","2328","020",,"ACEROSPACHUCA@PRODIGY.NET.MX",,"Fijo","20.10551288","-98.74807802","2010-07"
"9455432","13048434240000051001054872S5","ADMINISTRADORA DAJO","ADMINISTRADORA DAJO","434240","Comercio al por mayor de artículos desechables","11 a 30 personas","BOULEVARD","FELIPE ÁNGELES","CALLE","JORGE ROJO LUGO","AVENIDA","ADOLFO LÓPEZ MATEOS","CALLE","LÁZARO CÁRDENAS","100","LT 1 MZ 1",,,,"A","COLONIA","SAN ANTONIO EL DESMONTE",,,,"42111","13","HIDALGO","048","Pachuca de Soto","0001","Pachuca de Soto                                                                                               ","2385","019","5585107261","PACHUCA@DAJO.COM.MX",,"Fijo","20.05310937","-98.78778227","2023-11"
"6866844","13048431110000333010004375S5","ALMACEN CENTRAL HIDALGO","DICONSA","431110","Comercio al por mayor de abarrotes","11 a 30 personas","AVENIDA","UNIVERSIDAD","OTRO(ESPECIFIQUE)","NINGUNO","BOULEVARD","PACHUCA TULANCINGO","AVENIDA","GENERAL PORFIRIO DÍAZ",,"KM 2",,,,,"COLONIA","FELIPE ÁNGELES",,,,"42090","13","HIDALGO","048","Pachuca de Soto","0001","Pachuca de Soto                                                                                               ","100A","008","5645438976","MNDELGADO@DICONSA.GOB.MX","WWW.GOB.MX/DICONSA","Fijo","20.11124641","-98.72333214","2019-04"
"1594884","13048435313000152002000000U5","ALMACENES FLORES HOSPITALARIOS","ALMACENES FLORES HOSPITALARIOS","435313","Comercio al por mayor de mobiliario, equipo e instrumental médico y de laboratorio","11 a 30 personas","CALLE","CIUDAD DE LOS NIÑOS","CALLE","PASEO DE LOS BOSQUES","PROLONGACION","AVENIDA FRANCISCO I. MADERO","CALLE","PASEO DE LA MONTAÑA","111","A",,,,,"COLONIA","CIUDAD DE LOS NIÑOS",,,,"42078","13","HIDALGO","048","Pachuca de Soto","0001","Pachuca de Soto                                                                                               ","1546","014",,,,"Fijo","20.11278","-98.72203123","2014-12"
"12310960","13051436112000123000000000U5","APSECO","APSECO","436112","Comercio al por mayor de partes y refacciones nuevas para automóviles, camionetas y camiones","11 a 30 personas","CALLE","SAHAGUN TECOGAS","CALLE","NINGUNO","CALLE","NINGUNO","CALLE","NINGUNO","32",,,,,,"FRACCIONAMIENTO","INDUSTRIAL LA REFORMA",,,,"42090","13","HIDALGO","051","Mineral de la Reforma","0033","Nuevo Centro de Población Agrícola el Chacón                                                                  ","0577","040",,"CONTABILIDAD@4KAR.COM","4KAR.COM","Fijo","20.05876744","-98.73493599","2026-04"
"1623762","13048324191000014111007347S1","BARDAHL DE MEXICO PACHUCA","BARDAHL DE MEXICO","434230","Comercio al por mayor de combustibles de uso industrial","11 a 30 personas","AVENIDA","SAN JOSÉ","CALLE","NOMEOLVIDES","CALLE","IZTACCÍHUATL","CALLE","BUGAMBILIA","5",,,,,,"COLONIA","SAN JOSE LA PALMA GORDA",,,,"42181","13","HIDALGO","051","Mineral de la Reforma","0009","San José Palma Gorda                                                                                          ","0577","028",,"PACHUCA@BARDAHL.COM.MX","WWW.BARDAHL.COM.MX","Fijo","20.02406133","-98.75193585","2010-07"
"8476865","13048434225000472001000000U4","BARRON LUNA GRUP","BARRON LUNA GROP","434225","Comercio al por mayor de equipo y material eléctrico","11 a 30 personas","CERRADA","NORITA","CALLE","LINDERO","PRIVADA","DURAZNO ","CALLE","NINGUNO",,"SN",,,,,"COLONIA","SAN ANTONIO EL DESMONTE",,,,"42083","13","HIDALGO","048","Pachuca de Soto","0001","Pachuca de Soto                                                                                               ","2474","050","5584244794","KARLA.FRANCISCO@BLG.COM.MX","WWW.BLG.COM.MX","Fijo","20.04027243","-98.80325966","2019-11"
"12305846","13048434230000083000062415S9","BODEGA AKRON","BALMER SISTEMAS DE COMERCIALIZACION","434230","Comercio al por mayor de combustibles de uso industrial","11 a 30 personas","CALLE","DE LAS TUNAS ","CALLE","SEGUNDA TUNAS ","PRIVADA","EUCALIPTO","CALLE","NINGUNO",,"SN",,,,,"COLONIA","LA PALMA",,,,"42083","13","HIDALGO","048","Pachuca de Soto","0001","Pachuca de Soto                                                                                               ","2474","054","7717919896",,,"Fijo","20.04095971","-98.802781","2026-04"
"6335709","13048431220000012001009210S2","BRITISH AMERICAN TOBACCO SUC PACHUCA","BRITISH AMERICAN TOBACCO COMERCIAL","431220","Comercio al por mayor de cigarros, puros y tabaco","11 a 30 personas","CALLE","MANUEL GUTIÉRREZ","CALLE","LABRADOR","CALLE","SIEMBRA","CALLE","EMILIANO ZAPATA","198",,,,,,"COLONIA","JAVIER ROJO GOMEZ",,,,"42030","13","HIDALGO","048","Pachuca de Soto","0001","Pachuca de Soto                                                                                               ","0177","028",,"VALERIA_ZERTUCHE@BAT.COM","WWW.BATMEXICO.COM","Fijo","20.1171617","-98.75344716","2010-07"
"9466475","13051435220000041001009060S1","CADECO PACHUCA","CADECO","435220","Comercio al por mayor de maquinaria y equipo para la industria manufacturera","11 a 30 personas","CARRETERA","PACHUCA SAHAGÚN","CIRCUITO","NINGUNO","AVENIDA","CARBONERAS","CALLE","SAN JUDAS TADEO","930","INT 2 3 4 5",,,,,"COLONIA","EL SAUCILLO",,,,"42186","13","HIDALGO","051","Mineral de la Reforma","0090","Las Águilas                                                                                                   ","1274","011",,"VENTASNET@CADECO.COM","WWW.CADECO.MX","Fijo","20.0762077","-98.7451206","2023-11"
"6864562","13051436111000012001016768S2","CAMIONES PERFECTOS","CAMIONES PERFECTOS","436111","Comercio al por mayor de camiones","11 a 30 personas","OTRO(ESPECIFIQUE)","NINGUNO","OTRO(ESPECIFIQUE)","NINGUNO","OTRO(ESPECIFIQUE)","NINGUNO","OTRO(ESPECIFIQUE)","NINGUNO",,"SN",,,,,"COLONIA","PASEOS DE CHAVARRIA",,,,"42186","13","HIDALGO","051","Mineral de la Reforma","0148","Paseos de Chavarría                                                                                           ","2287","800",,"GGENERAL.PACHUCA@HINOPERFECOS.COM.MX","WWW.HINOPERFECTOS.COM","Fijo","20.04100338","-98.73368009","2019-04"
"11121494","13051436111000043000000000U7","CAMIONES Y AUTOBUSES HINO","CAMIONES PERFECTOS","436111","Comercio al por mayor de camiones","11 a 30 personas","OTRO(ESPECIFIQUE)","NINGUNO","OTRO(ESPECIFIQUE)","NINGUNO","OTRO(ESPECIFIQUE)","NINGUNO","OTRO(ESPECIFIQUE)","NINGUNO",,"SN",,,,,"FRACCIONAMIENTO","PASEOS DE CHAVARRIA",,,,"42186","13","HIDALGO","051","Mineral de la Reforma","0148","Paseos de Chavarría                                                                                           ","2287","800",,,,"Fijo","20.04347718","-98.73647847","2024-11"
"6233348","13051431213000061001008450S8","CEDIS MINERAL DE LA REFORMA","CERVEZAS CUAUHTEMOC MOCTEZUMA","431213","Comercio al por mayor de cerveza","11 a 30 personas","CARRETERA","PACHUCATULANCINGO KM 5+500","CALLE","CAMINO DEL PAVO","CARRETERA","PACHUCATULANCINGO","CALLE","CAMINO SAN MARCOS","0","KM 5+500",,,,,"COLONIA","EL PORTEZUELO",,,,"42073","13","HIDALGO","051","Mineral de la Reforma","0001","Pachuquilla                                                                                                   ","0153","001",,,,"Fijo","20.07568287","-98.70792044","2010-07"
"9458943","13048431199000134001006673S0","CEDIS PACHUCA","MOLINOS AZTECA DE CHALCO","431199","Comercio al por mayor de otros alimentos","11 a 30 personas","CARRETERA","PACHUCA - CD SAHAGUN KM 8 +500 FEDERAL","CALLE","CORREGIDORA","CALLE","NINGUNO","AVENIDA","PROVIDENCIA","110",,,,,,"PARQUE INDUSTRIAL","SANTA MARIA LA CALERA","PARQUE INDUSTRIAL","LA REFORMA","42186","42186","13","HIDALGO","051","Mineral de la Reforma","0157","La Reforma (CANACINTRA) [Parque Industrial]                                                                   ","0577","002",,"YGAYOSSO@GRUMA.COM",,"Fijo","20.06717085","-98.73976653","2023-11"
"6756752","13048434221000321001062821S2","CENTRAL DE ALUMINIOS CONASA","CENTRAL DE ALUMINIOS CONASA","434221","Comercio al por mayor de materiales metálicos para la construcción y la manufactura","11 a 30 personas","AVENIDA","4","AVENIDA","1 MANZANA I","AVENIDA","5","AVENIDA","6","209",,,,,,"COLONIA","PLUTARCO ELÍAS CALLES",,,,"42035","13","HIDALGO","048","Pachuca de Soto","0001","Pachuca de Soto                                                                                               ","0919","014",,"JNR.MENSAJERIA@GMAIL.COM","WWW.CONALUM.COM","Fijo","20.12113879","-98.76517815","2016-10"
"11808140","13051434240000033000000000U7","CENTRO DE DISTRIBUCION LA CONDESA",,"434240","Comercio al por mayor de artículos desechables","11 a 30 personas","CARRETERA","PACHUCA-TULANCINGO","CALLE","Encino","CALLE","Roble","CALLE","Nogales",,"SN",,,,,"COLONIA","ÁLAMO RÚSTICO",,,,"42184","13","HIDALGO","051","Mineral de la Reforma","0020","Álamo Rustico                                                                                                 ","1170","003",,,,"Fijo","20.10027179","-98.71738449","2025-04"
"10902958","13048436112000243000000000U7","CIGUEÑALES DE MEXICO",,"436112","Comercio al por mayor de partes y refacciones nuevas para automóviles, camionetas y camiones","11 a 30 personas","CALLE","NINGUNO","CALLE","5 DE FEBRERO","CALLE","19 DE JUNIO","CALLE","19 DE JUNIO","518",,,,,,"COLONIA","SAN PEDRO NOPANCALCO",,,,"42184","13","HIDALGO","048","Pachuca de Soto","0001","Pachuca de Soto                                                                                               ","2506","023",,"REFACCIONARIA2011@YAHOO.COM.MX",,"Fijo","20.09047892","-98.78623014","2024-11"
"8543945","13048436112000122000000000U3","CITSA","CIMBRA INNOVACION TECNOLOGICA","436112","Comercio al por mayor de partes y refacciones nuevas para automóviles, camionetas y camiones","11 a 30 personas","CALLE","2","PRIVADA","VALLE DE SAN VICENTE","CERRADA","DELEGACION AGRARIA","OTRO(ESPECIFIQUE)",,"301",,,,,,"COLONIA","AMPLIACIÓN SANTA JULIA",,,,"42080","13","HIDALGO","048","Pachuca de Soto","0001","Pachuca de Soto                                                                                               ","0961","015",,"CITSA@CIMBRAIT.COM",,"Fijo","20.10983337","-98.75942368","2019-11"
"8001320","13051431110000113011008511S5","COALIMEXSA ALIMENTOS MEXICANOS PACHUCA","COALIMEXSA ALIMENTOS MEXICANOS","431192","Comercio al por mayor de botanas y frituras","31 a 50 personas","AVENIDA","E","CALLE","MIGUEL HIDALGO","CALLE","CAMINO REAL","CALLE","CORREGIDORA","2",,,"1","6",,"PARQUE INDUSTRIAL","LA REFORMA (CANACINTRA)","PARQUE INDUSTRIAL","CANACINTRA","6","42186","13","HIDALGO","051","Mineral de la Reforma","0157","La Reforma (CANACINTRA) [Parque Industrial]                                                                   ","0577","002",,"CARLOS.HERMOSILLO@ARCACONTAL.COM","WWW.CHARRAS.COM","Fijo","20.06770199","-98.74066853","2019-11"
"1596938","13048434225000323000018905S9","COEL PACHUCA","COEL","434225","Comercio al por mayor de equipo y material eléctrico","11 a 30 personas","BOULEVARD","EVERARDO MÁRQUEZ","CALLE","NINGUNO","BOULEVARD","JAVIER ROJO GÓMEZ","BOULEVARD","PANORÁMICO CARRETERA LAS BOMBAS-LA PAZ","413",,,,,,"COLONIA","COSCOTITLÁN",,,,"42094","13","HIDALGO","048","Pachuca de Soto","0001","Pachuca de Soto                                                                                               ","2328","001","7711533203","VENTASGOBIERNO@COELVICTORIA.COM.MX","WWW.GRUPOCOEL.COM.MX","Fijo","20.10282961","-98.74663085","2014-12"
"1624562","13048461122002832001000000U2","COMERCIAL AVICOLA DE HIDALGO","COMERCIAL AVICOLA DE HGO","431122","Comercio al por mayor de carne de aves","11 a 30 personas","CALLE","NEVADO DE PICO DE ORIZABA","CALLE","NEVADO DE TOLUCA","CALLE","IZTACCIHUATL","CALLE","NEVADO DE SAN MARTIN","108",,,,,,"COLONIA","SAN CAYETANO EL BORDO",,,,"42084","13","HIDALGO","048","Pachuca de Soto","0001","Pachuca de Soto                                                                                               ","0406","008",,"COMERCIALAVICOLA108@HOTMAIL.COM","WWW.PILGRISHIDALGO.COM","Fijo","20.10532473","-98.77045099","2010-07"
"8295396","13051434211000403000000000U3","COMERCIALIZADORA MINERA VICMAR",,"434211","Comercio al por mayor de cemento, tabique y grava","11 a 30 personas","CALLE","TERREROS","CALLE","RUIZ CORTINES","CALLEJON","CALLEJON DE TERREROS","CALLE","ADOLFO LOPEZ MATEOS","106",,,,,,"LOCALIDAD","MINERVA",,,,"42079","13","HIDALGO","051","Mineral de la Reforma","0101","Guadalupe Minerva                                                                                             ","1359","017",,"MINERAVICMAR@GMAIL.COM","WWW.MINERALESVICMAR.COM","Fijo","20.12505228","-98.71510565","2019-11"
"6873751","13051431211000073001025226M7","COMERCIALIZADORA Y DISTRIBUIDORA BRIME","COMERCIALIZADORA Y DISTRIBUIDORA BRIME","431211","Comercio al por mayor de bebidas no alcohólicas y hielo","31 a 50 personas","CARRETERA","CARRETERA PACHUCA-CD SAHAGUN","CALLE","NINGUNO","CALLE","PASEO DEL ESTUDIANTE","BOULEVARD","LUIS DONALDO COLOSIO (CARRETERA LIBRAMIENTO A TAMPICO)","1005",,,,"2",,"COLONIA","EL CHACÓN",,,,"42186","13","HIDALGO","051","Mineral de la Reforma","0014","El Saucillo                                                                                                   ","1147","012","7717091392","MG.QUINTERO@GRUPOBRIME.COM",,"Fijo","20.0856444","-98.74545804","2019-04"
"8543665","13048435411000313011000000U5","COMPAÑIA DISTRIBUIDORA Y DE SERVICIOS DE MEXICO","COMPAÑIA DISTRIBUIDORA Y DE SERVICIOS DE MEXICO","435220","Comercio al por mayor de maquinaria y equipo para la industria manufacturera","31 a 50 personas","AVENIDA","FERROCARRIL HIDALGO","CALLE","NINGUNO","AVENIDA","AVENIDA DE LOS CANARIOS","BOULEVARD","NUEVO HIDALGO","22",,,,,,"COLONIA","VILLAS DE PACHUCA",,,,"42083","13","HIDALGO","048","Pachuca de Soto","0001","Pachuca de Soto                                                                                               ","1423","006","4612868193","JORGE.ALVAREZ@MX.NESTLE.COM",,"Fijo","20.05483248","-98.78003872","2019-11"
"8296110","13051436112000054000000000U2","COMPONENTES JIMABE",,"436112","Comercio al por mayor de partes y refacciones nuevas para automóviles, camionetas y camiones","31 a 50 personas","CERRADA","NINGUNO","CIRCUITO","EMPRENDEDORES","OTRO(ESPECIFIQUE)","MANZANA O EDIFICACION CONTIGUA","CERRADA","NINGUNO",,"SN",,,,,"PARQUE INDUSTRIAL","METROPOLITANO",,,,"42186","13","HIDALGO","051","Mineral de la Reforma","0160","Metropolitano [Parque Industrial]                                                                             ","0577","004","7711486387","ADRIANA.JIMENEZ@CPVJIMABE.COM.MX","WWW.CPVJIMABE.COM","Fijo","20.04677292","-98.72538913","2019-11"
"12306837","13048435311000234000000000U5","CONDELMEX SA FCA DE COND ELEC","CONDELMEX","435311","Comercio al por mayor de equipo de telecomunicaciones, fotografía y cinematografía","31 a 50 personas","CARRETERA","ANTIGUA MÉXICO PACHUCA","BOULEVARD","FELIPE ÁNGELES","BOULEVARD","FELIPE ÁNGELES","BOULEVARD","FELIPE ÁNGELES",,"SN",,,,,"COLONIA","SANTA JULIA",,,,"42080","13","HIDALGO","048","Pachuca de Soto","0001","Pachuca de Soto                                                                                               ","0976","007",,,,"Fijo","20.10403886","-98.75994927","2026-04"
"12310961","13051436112000134000000000U2","CPV","PLASTICOS HGO","436112","Comercio al por mayor de partes y refacciones nuevas para automóviles, camionetas y camiones","31 a 50 personas","CIRCUITO","EMPRENDEDORES","OTRO(ESPECIFIQUE)","MANZANA O EDIFICACION CONTIGUA","CALLE","INDUSTRIALES","CERRADA","NINGUNO","15","B",,,,,"PARQUE INDUSTRIAL","METROPOLITANO",,,,"42186","13","HIDALGO","051","Mineral de la Reforma","0160","Metropolitano [Parque Industrial]                                                                             ","0577","004",,"TESORERIA@PLASTICOSHGO.COM.MX","PLASTICOSHGO.COM.MX","Fijo","20.04680487","-98.72545942","2026-04"
"6310496","13048431160000113002002535S6","CREMERIA AMERICANA PACHUCA","CREMERIA AMERICANA","431160","Comercio al por mayor de leche y otros productos lácteos","11 a 30 personas","CALLE","TAMAULIPAS","CALLE","SAN LUIS POTOSÍ","AVENIDA","GUANAJUATO BOULEVARD DEL MINERO","AVENIDA","OAXACA","107",,,,,,"COLONIA","VENUSTIANO CARRANZA",,,,"42030","13","HIDALGO","048","Pachuca de Soto","0001","Pachuca de Soto                                                                                               ","214A","013",,"ARELY.MARTINEZ@CREMERIA-AMERICANA.COM.MX","WWW.CREMERIA.AMERICANA.COM.MX","Fijo","20.12631348","-98.75698592","2014-12"
"6262594","13048435411000192001011272S3","CT INTERNACIONAL DEL NOROESTE SUCURSAL PACHUCA","CT INTERNACIONAL DEL NOROESTE","435411","Comercio al por mayor de mobiliario, equipo, y accesorios de cómputo","11 a 30 personas","CALLE","JOSEFA ORTIZ DE DOMÍNGUEZ","CALLE","16 DE SEPTIEMBRE","BOULEVARD","RAMÓN G BONFIL","CALLE","VENUSTIANO CARRANZA","103",,,,,,"COLONIA","SANTA JULIA",,,,"42080","13","HIDALGO","048","Pachuca de Soto","0001","Pachuca de Soto                                                                                               ","0162","007",,"MARIO.RIVERA@CTIN.COM.MX","WWW.CTONLINE.MX","Fijo","20.11430386","-98.7609418","2014-12"
"6847499","13048435411000303000019959S6","CVA","COMERCIALIZADORA DE VALOR AGREGADO","435411","Comercio al por mayor de mobiliario, equipo, y accesorios de cómputo","11 a 30 personas","PROLONGACION","REFORMA AGRARIA","AVENIDA","OAXACA","CALLE","CALLE 1","PROLONGACION","EJIDO","503",,,,,,"COLONIA","JAVIER ROJO GOMEZ",,,,"42039","13","HIDALGO","048","Pachuca de Soto","0001","Pachuca de Soto                                                                                               ","0938","013",,"COLIVARES@GRUPOCVA.COM",,"Fijo","20.12379923","-98.75875459","2018-03"
"6740415","13048466212002263011000000U4","DELCABS COMUNICACION","DELCABS COMUNICACION","435311","Comercio al por mayor de equipo de telecomunicaciones, fotografía y cinematografía","31 a 50 personas","BOULEVARD","VALLE DE SAN JAVIER","CALLE","VALLE DE SANTIAGO","CALLE","VALLE DEL MORO","CALLE","VALLE SOLEADO","429",,,,"2",,"FRACCIONAMIENTO","VALLE DE SAN JAVIER",,,,"42086","13","HIDALGO","048","Pachuca de Soto","0001","Pachuca de Soto                                                                                               ","0425","013",,"ADMINISTRACION@DELACABS.COM",,"Fijo","20.09503411","-98.75185999","2016-10"
"6336430","13048811219000121112003758S3","DIEBOLD NIXDORF DE MEXICO","DIEBOLD NIXDORF DE MEXICO","435319","Comercio al por mayor de maquinaria y equipo para otros servicios y para actividades comerciales","11 a 30 personas","CALLE","JAIME NUNÓ","OTRO(ESPECIFIQUE)","GENERAL VICENTE SEGURA","CALLE","REVOLUCIÓN","OTRO(ESPECIFIQUE)","ARCONADA","200",,,,,,"COLONIA","REVOLUCIÓN",,,,"42060","13","HIDALGO","048","Pachuca de Soto","0001","Pachuca de Soto                                                                                               ","2417","010",,,"WWW.DIEBOLDNIXDORF.COM","Fijo","20.11770188","-98.74296688","2010-07"
"1595229","13048435419000271011050737S8","DISTRIBUIDORA ARGMONS","DISTRIBUIDORA ARGMONS","434221","Comercio al por mayor de materiales metálicos para la construcción y la manufactura","11 a 30 personas","BOULEVARD","RAMÓN G BONFIL","AVENIDA","4","AVENIDA","2","ANDADOR","ANDADOR A MANZANA O","314",,,,,,"COLONIA","PLUTARCO ELÍAS CALLES",,,,"42035","13","HIDALGO","048","Pachuca de Soto","0001","Pachuca de Soto                                                                                               ","0923","039",,"RECLUTAMIENTO@ARGMONS.COM.MX","WWW.ARGOMONS.COM.MX","Fijo","20.11432707","-98.7651288","2014-12"
"1539009","13048431180000101002000000U9","DISTRIBUIDORA DE DULCES EL PELON","DISTRIBUIDORA DE DULCES EL PELON","431180","Comercio al por mayor de dulces y materias primas para repostería","31 a 50 personas","BOULEVARD","JAVIER ROJO GOMEZ","BOULEVARD","VALLE DE SAN JAVIER","BOULEVARD","NUEVO HIDALGO","OTRO(ESPECIFIQUE)","MANZANA O EDIFICACION CONTIGUA","0","SN",,"5",,,"COLONIA","EXHACIENDA DE COSCOTITLÁN","CENTRAL DE ABASTO","CENTRAL DE ABASTOS PACHUCA","79","42064","13","HIDALGO","048","Pachuca de Soto","0001","Pachuca de Soto                                                                                               ","2347","018",,"DISTRIBUIDORADEDULCESELPELON@GMAIL.COM",,"Fijo","20.10636939","-98.75327951","2010-07"
"10684772","13048431160000234000000000U0","DISTRIBUIDORA DE LACTEOS GAMAK","DISTRIBUIDORA DE LACTEOS GAMAK","431160","Comercio al por mayor de leche y otros productos lácteos","31 a 50 personas","AVENIDA","AVENIDA DE LOS PRISMAS","CALLE","EX HACIENDA SAN JOSE","CALLE","CALLE DE LOS PIRULES","CALLE","EX HACIENDA SAN JOSE","400",,,,,,"COLONIA","COLONIAS",,,,"42083","13","HIDALGO","048","Pachuca de Soto","0001","Pachuca de Soto                                                                                               ","0622","049","7711672192",,,"Fijo","20.05837947","-98.78080652","2024-11"
"1592136","13048434223000073000000000U5","DISTRIBUIDORA ESTELAR",,"434223","Comercio al por mayor de envases en general, papel y cartón para la industria","11 a 30 personas","BOULEVARD","BOULEVARD DEL MINERO","CALLE","FERRERIA DE APULCO","CALLE","METEPEC","CALLE","FERRERIA DE APULCO",,"SN",,,"1703",,"FRACCIONAMIENTO","PARQUE DE POBLAMIENTO",,,,"42032","13","HIDALGO","048","Pachuca de Soto","0001","Pachuca de Soto                                                                                               ","1118","031",,"DISTRIESTELAR@PRODIGY.NET.MX",,"Fijo","20.12428582","-98.7688183","2014-12"
"11834490","13048436112000284000039798S1","DISTRIBUIDORA MARPVEL DE AUTOPARTES","DISTRIBUIDORA MARPVEL DE AUTOPARTES","436112","Comercio al por mayor de partes y refacciones nuevas para automóviles, camionetas y camiones","31 a 50 personas","BOULEVARD","NINGUNO","CALLE","Ninguno","CALLE","Ninguno","CALLE","Ninguno","1023",,,,,,"COLONIA","SANTIAGO TLAPACOYA",,,,"42082","13","HIDALGO","048","Pachuca de Soto","0001","Pachuca de Soto                                                                                               ","1014","800","2223168091","AUDITOR@REFACCIONARIALASCARRETAS.COM","WWW.MARPVEL.COM","Fijo","20.08388167","-98.79889648","2025-04"
"11265012","13051431199000033000000000U8","DISTRIBUIDORA Y LOGISTICA DE ALIMENTOS ","DISTRIBUIDORA Y LOGISTICA DE ALIMENTOS ","431199","Comercio al por mayor de otros alimentos","11 a 30 personas","CALLE","2","AVENIDA","B","CALLE","MIGUEL HIDALGO","AVENIDA","B",,"SN",,,,,"LOCALIDAD","LA REFORMA (CANACINTRA)",,,,"42186","13","HIDALGO","051","Mineral de la Reforma","0157","La Reforma (CANACINTRA) [Parque Industrial]                                                                   ","0577","001",,"VVALDEZ@RAGAZA.COM.MX",,"Fijo","20.06631552","-98.74079265","2024-11"
"10585120","13051431110000144000000000U0","DISTRIBUIDORA Y SERVICIOS GALSOR DEL CENTRO","DISTRIBUIDORA Y SERVICIOS GALSOR DEL CENTRO","431110","Comercio al por mayor de abarrotes","31 a 50 personas","AVENIDA","PRIMERO DE MAYO","CERRADA","PRIMERO DE MAYO","CALLE","PRIMERO DE MAYO","AVENIDA","PRIMERO DE MAYO","122",,,,,,"COLONIA","EL SAUCILLO",,,,"42186","13","HIDALGO","051","Mineral de la Reforma","0014","El Saucillo                                                                                                   ","1147","005",,"CONTACTO@DISTRIBUIDORAGALSOR.COM.MX","WWW.DISTRIBUIDORAGALSOR.COM.MX","Fijo","20.0796408","-98.73986682","2024-11"
"6335510","13048467112000244003000000U7","DIVAL","DIVAL","434211","Comercio al por mayor de cemento, tabique y grava","11 a 30 personas","CALLE","NOTARIO JESUS SILVA","AVENIDA","REVOLUCION","AVENIDA","GENERAL FELIPE ANGELES","CALLE","RAFAEL VEGA SANCHEZ","302","A",,,,,"COLONIA","PERIODISTAS",,,,"42060","13","HIDALGO","048","Pachuca de Soto","0001","Pachuca de Soto                                                                                               ","0209","017",,"CISLAS@DIVAL.MX","WWW.DIVAL.MX","Fijo","20.11835314","-98.73845625","2010-07"
"8879505","13077434211000681001000000U9","DIVAL VENTA DE AZULEJOS","DIVAL VENTA DE AZULEJOS","434211","Comercio al por mayor de cemento, tabique y grava","11 a 30 personas","BOULEVARD","FELIPE ANGELES","CALLE","NINGUNO","CALLE","NINGUNO","CALLE","NINGUNO","1948",,,,,,"COLONIA","SANTA JULIA",,,,"42080","13","HIDALGO","048","Pachuca de Soto","0001","Pachuca de Soto                                                                                               ","0976","007","7715678139","CISLAS@DIVAL.MX","WWW.DIVAL.MX","Fijo","20.10451836","-98.75945813","2026-04"
"6853489","13051467111001433010027414S1","DTC CENTRO","DTC CENTRO","434221","Comercio al por mayor de materiales metálicos para la construcción y la manufactura","11 a 30 personas","CALLE","PACHUCA-CIUDAD SAHAGUN","OTRO(ESPECIFIQUE)","NINGUNO","CALLE","SAHAGUN-TECOGAS","OTRO(ESPECIFIQUE)","NINGUNO",,"KM 65",,,,,"COLONIA","LA NORIA",,,,"42185","13","HIDALGO","051","Mineral de la Reforma","0082","El Paraíso                                                                                                    ","0577","022","4427900437","MANUEL.SANCHEZ@DTCPVC.COM","WWW.DTCPVC.COM","Fijo","20.0608133","-98.743626","2018-11"
"6263110","13048431110000081003005518M0","EL RUISEÑOR DE PACHUCA","EL RUISEÑOR DE PACHUCA","431110","Comercio al por mayor de abarrotes","11 a 30 personas","BOULEVARD","EVERARDO MÁRQUEZ","CALLE","NINGUNO","BOULEVARD","JAVIER ROJO GÓMEZ","BOULEVARD","PANORÁMICO CARRETERA LAS BOMBAS-LA PAZ","500",,,,,,"COLONIA","COSCOTITLÁN",,,,"42094","13","HIDALGO","048","Pachuca de Soto","0001","Pachuca de Soto                                                                                               ","2328","001",,"RUISENORDEPACHUCA@HOTMAIL.COM",,"Fijo","20.10420507","-98.74669853","2010-07"
"9428608","13051468211000835011000000U5","ELECTROCOMUNICACION PRODUCTOS FG","ELECTROCOMUNICACION PRODUCTOS FG","435311","Comercio al por mayor de equipo de telecomunicaciones, fotografía y cinematografía","31 a 50 personas","PRIVADA","CAMINO A CARBONERAS","PRIVADA","NINGUNO","CERRADA","PRIMERA DE SAN JUDAS TADEO","PRIVADA","NINGUNO","10","D",,,,,"COLONIA","CARBONERAS",,,,"42184","13","HIDALGO","051","Mineral de la Reforma","0004","Carboneras                                                                                                    ","1077","025",,,"WWW.ELECTROCOMUNICACION.COM","Fijo","20.09196412","-98.70919358","2023-11"
"9462795","13048434225000691001004883S9","ELEKTRON DEL BAJIO PACHUCA DE SOTO","ELEKTRON DEL BAJIO","434225","Comercio al por mayor de equipo y material eléctrico","31 a 50 personas","CARRETERA","CUBITOS A LA PAZ","CALLE","LOMA BONITA","CALLE","EX HACIENDA DE COSCOTITLÁN","PRIVADA","NINGUNO","1303",,,,,,"COLONIA","LA PAZ",,,,"42094","13","HIDALGO","048","Pachuca de Soto","0001","Pachuca de Soto                                                                                               ","0995","059",,"LMORALES@ELEKTRON.COM.MX","WWW.ELEKTRON.COM.MX","Fijo","20.10508885","-98.74508711","2023-11"
"6735619","13051431211000065001025374S3","EMBOTELLADORA MAYOL","EMBOTELLADORA MAYOL","431211","Comercio al por mayor de bebidas no alcohólicas y hielo","31 a 50 personas","CARRETERA","PACHUCA A TULANCINGO KM 3+500","AVENIDA","AVENIDA DEL ORO","CALLE","BETUNIAS","CERRADA","SEGUNDA BUGAMBILIAS",,"KM 3+500",,,,,"COLONIA","CARBONERAS",,,,"42183","13","HIDALGO","051","Mineral de la Reforma","0140","Taxistas                                                                                                      ","1594","002",,"TANIA.GUEVARA.MAYOL@GMAIL.COM",,"Fijo","20.09243113","-98.71410194","2016-10"
"9423492","13048433110000302001021843S8","FARMALIVE CLUB PACHUCA","FARMALIVE","433110","Comercio al por mayor de productos farmacéuticos","11 a 30 personas","BOULEVARD","COLONIAS-SANTA CATARINA","BOULEVARD","REAL DE ZIMAPÁN NORTE","CIRCUITO","BALCONES","CALLE","HACIENDA MONTSERRAT","154",,,,,,"FRACCIONAMIENTO","HACIENDA DE LA HERRADURA",,,,"42082","13","HIDALGO","048","Pachuca de Soto","0001","Pachuca de Soto                                                                                               ","1527","035",,"ATENCIONACLIENTES@FARMALIVE.COM.MX","WWW.FARMALIVE.COM.MX","Fijo","20.0633083","-98.78836387","2023-11"
"1522363","13051461110006472011000000U2","FELTOR AZUCAR",,"431199","Comercio al por mayor de otros alimentos","11 a 30 personas","CARRETERA","PACHUCA-SAHAGÚN KM 5+500","CALLE","NINGUNO","CALLE","PASEO DEL ESTUDIANTE","BOULEVARD","LUIS DONALDO COLOSIO (CARRETERA LIBRAMIENTO A TAMPICO)",,"KM 5+500",,,,,"COLONIA","EL CHACÓN",,,,"42092","13","HIDALGO","051","Mineral de la Reforma","0014","El Saucillo                                                                                                   ","1147","012","7712028626","FELTORAZUCAR@HOTMAIL.COM","WWW.SUGARMX.COM","Fijo","20.08467392","-98.74537569","2010-07"
"8566096","13051434221000081001000000U6","FERRETERIA FERRAM",,"434221","Comercio al por mayor de materiales metálicos para la construcción y la manufactura","11 a 30 personas","CARRETERA","PACHUCA TULANCINGO","CALLE","NINGUNO","CALLE","NINGUNO","CALLE","TEPOZAN",,"SN",,,,,"FRACCIONAMIENTO","CARBONERAS",,,,"42180","13","HIDALGO","051","Mineral de la Reforma","0108","Paseo de las Reynas                                                                                           ","1414","022","7751618384",,"WWW.FERREACEROX.COM.MX","Fijo","20.08557092","-98.7126593","2019-11"
"6489215","13051333130000013020098082M4","FLUSELL","XISEMA","434222","Comercio al por mayor de productos químicos para la industria farmacéutica y para otro uso industrial","11 a 30 personas","AVENIDA","B","AVENIDA","B","AVENIDA","2","CALLE","NINGUNO","14","B",,,,,"PARQUE INDUSTRIAL","LA REFORMA (CANACINTRA)","PARQUE INDUSTRIAL","CANACINTRA","15","42186","13","HIDALGO","051","Mineral de la Reforma","0157","La Reforma (CANACINTRA) [Parque Industrial]                                                                   ","0577","001","7715678282","ATENCIONCLIENTES@FLUSELL.COM","WWW.FLUSELL.COM","Fijo","20.06846581","-98.74318843","2016-01"
"6352561","13048468211000081001006762S2","GAFF INTERNATIONAL","GAFF INTERNATIONAL","436112","Comercio al por mayor de partes y refacciones nuevas para automóviles, camionetas y camiones","11 a 30 personas","BOULEVARD","EVERARDO MÁRQUEZ (TAMAULIPAS)","BOULEVARD","PANORÁMICO CARRETERA LAS BOMBAS-LA PAZ","BOULEVARD","JAVIER ROJO GÓMEZ","CALLE","NINGUNO","128","C",,,,,"COLONIA","COSCOTITLÁN",,,,"42086","13","HIDALGO","048","Pachuca de Soto","0001","Pachuca de Soto                                                                                               ","2328","001",,"CSPACHUCA@GAFF.COM.MX","WWW.GAFF.COM.MX","Fijo","20.09961524","-98.74640493","2010-07"
"1595040","13048435110000091002000000U5","GARBEL COMERCE","GARBEL COMERCE ","435110","Comercio al por mayor de maquinaria y equipo agropecuario, forestal y para la pesca","11 a 30 personas","BOULEVARD","LUIS DONALDO COLOSIO","CALLE","FRAY SAN MARTIN DE PORRES","CALLE","FERNANDEZ DE LIZARDI","CALLE","FERNANDEZ DE LIZARDI","670",,,,,,"FRACCIONAMIENTO","BOULEVARES DE SAN FRANCISCO",,,,"42070","13","HIDALGO","048","Pachuca de Soto","0001","Pachuca de Soto                                                                                               ","0355","026","7711813181","GARBEL-COMERCE@OUTLOOK.COM","GARBELCOMERCE.COM","Fijo","20.11445064","-98.71447896","2014-12"
"6336263","13048435210000063001010988S2","GIMTRAC","GIMTRAC","435110","Comercio al por mayor de maquinaria y equipo agropecuario, forestal y para la pesca","11 a 30 personas","CARRETERA","MÉXICO A PACHUCA KM 86+500","CALLE","NINGUNO","BOULEVARD","LAS PALMAS","OTRO(ESPECIFIQUE)","MANZANA O EDIFICACIÓN CONTIGUA",,"KM 86+500",,,,,"COLONIA","EJIDO DE SANTA MATILDE",,,,"42111","13","HIDALGO","048","Pachuca de Soto","0001","Pachuca de Soto                                                                                               ","0783","048",,"APEREZM@GIMTRAC-GIM.COM","WWW.GIMTRAC.COM","Fijo","20.04432716","-98.79297504","2010-07"
"9412673","13048436111000083000023813S9","GOMSA DIESEL PACHUCA","GOMSA DIESEL","436111","Comercio al por mayor de camiones","11 a 30 personas","BOULEVARD","FELIPE ANGELES","CALLE","GENRAL RAFAEL CRAVIOTO","CALLE","JUSTINO FERNANDEZ","CALLE","GENERAL NICOLAS FLORES ","302",,,,,,"FRACCIONAMIENTO","JUAN C. DORIA",,,,"42080","13","HIDALGO","048","Pachuca de Soto","0001","Pachuca de Soto                                                                                               ","0622","007",,"JAHAZIEL.REYES@GRUVER.MX",,"Fijo","20.06800519","-98.78005477","2023-11"
"6262775","13048431110000061002061972M2","GRUPO ABARROTERO COHLZA","GRUPO ABARROTERO COHLZA","431110","Comercio al por mayor de abarrotes","11 a 30 personas","BOULEVARD","JAVIER ROJO GÓMEZ","BOULEVARD","NUEVO HIDALGO","BOULEVARD","VALLE DE SAN JAVIER","CALLE","NINGUNO",,"SN",,,"13",,"COLONIA","EXHACIENDA DE COSCOTITLÁN","CENTRAL DE ABASTO","CENTRAL DE ABASTOS","13","42080","13","HIDALGO","048","Pachuca de Soto","0001","Pachuca de Soto                                                                                               ","2347","018",,"MIGUEL_MARTINEZ_COMPRAS@OUTLOOK.ES",,"Fijo","20.10615268","-98.75197927","2014-12"
"9542118","13048435412000343000000000U0","GRUPO CG",,"435412","Comercio al por mayor de mobiliario y equipo de oficina","11 a 30 personas","CALLE","SERVICIOS TECNICOS","CALLE","MINERIA","CALLE","PROGRESO","CALLE","PROGRESO N",,"SN",,,,,"LOCALIDAD","SANTA MATÍLDE",,,,"42119","13","HIDALGO","048","Pachuca de Soto","0001","Pachuca de Soto                                                                                               ","2421","014",,,,"Fijo","20.0365491","-98.8026667","2024-11"
"12299382","13048492110000613000000000U6","GRUPO COMERCIAL CABUR",,"434225","Comercio al por mayor de equipo y material eléctrico","11 a 30 personas","CALLE","MANUEL VARGAS CATAÑO","CALLE","MANUEL VARGAS CATAÑO","CALLE","HIDALGO","CERRADA","RINCONADA DE SAN ANTONIO","111",,,,,,"COLONIA","SAN ANTONIO EL DESMONTE",,,,"42083","13","HIDALGO","048","Pachuca de Soto","0001","Pachuca de Soto                                                                                               ","2169","046","5579477235","GCCABBUR@GMAIL.COM",,"Fijo","20.04758863","-98.78523558","2026-04"
"1557668","13051434211000333010000000U2","GRUPO CONSTRUCTOR JG",,"435412","Comercio al por mayor de mobiliario y equipo de oficina","11 a 30 personas","CALLE","SAN PABLO","CERRADA","PRIMERA SAN DIEGO","PRIVADA","NINGUNO","PRIVADA","NINGUNO",,"SN",,,,,"COLONIA","CARBONERAS",,,,"42183","13","HIDALGO","051","Mineral de la Reforma","0004","Carboneras                                                                                                    ","1109","001",,"GRUPO1JG@HOTMAIL.COM",,"Fijo","20.08919362","-98.70234179","2014-12"
"8258703","13048435411000324000000000U2","HERCOM COMPUTADORAS DE HIDALGO","HERCOM COMPUTADORAS DE HIDALGO","435411","Comercio al por mayor de mobiliario, equipo, y accesorios de cómputo","31 a 50 personas","AVENIDA","CONSTITUYENTES","CALLE","ARTICULO SEXTO","CALLE","ARTICULO OCTAVO","CALLE","ARTICULO 7MO.","100",,,,,,"FRACCIONAMIENTO","CONSTITUCIÓN",,,,"42080","13","HIDALGO","048","Pachuca de Soto","0001","Pachuca de Soto                                                                                               ","0177","039","7712729020","HERCOM_6@HOTMAIL.COM","WWW.HERCOMPACHUCA.MX","Fijo","20.1159805","-98.75034941","2019-11"
"9025253","13051467111001851011000000U4","HIDROSISTEMAS DE HIDALGO","HIDROSISTEMAS DE HIDALGO","434211","Comercio al por mayor de cemento, tabique y grava","11 a 30 personas","CERRADA","NINGUNO","CIRCUITO","EMPRENDEDORES","OTRO(ESPECIFIQUE)","MANZANA O EDIFICACION CONTIGUA","CERRADA","NINGUNO",,"SN",,,,,"PARQUE INDUSTRIAL","METROPOLITANO",,,,"42186","13","HIDALGO","051","Mineral de la Reforma","0160","Metropolitano [Parque Industrial]                                                                             ","0577","004","7712167150",,"WWW.HIDROSISTEMAS.COM.MX","Fijo","20.04626816","-98.72427869","2019-11"
"10968292","13048431199000144000000000U9","HIKA COMERCIAL","HIKA COMERCIAL","431199","Comercio al por mayor de otros alimentos","31 a 50 personas","AVENIDA","AVENIDA DE LOS PRISMAS","CALLE","EX HACIENDA SAN JOSE","CALLE","CALLE DE LOS PIRULES","CALLE","EX HACIENDA SAN JOSE","400",,,,,,"COLONIA","COLONIAS",,,,"42083","13","HIDALGO","048","Pachuca de Soto","0001","Pachuca de Soto                                                                                               ","0622","049","7711672142",,"HIKACOMERCIALYAHOO.COM","Fijo","20.05837947","-98.78080652","2024-11"
"8432147","13052431121000013000000000U2","HUEMEX","HUEMEX","431121","Comercio al por mayor de carnes rojas","11 a 30 personas","AVENIDA","JUÁREZ","AVENIDA","REFORMA","PRIVADA","NINGUNO","CALLE","NARCISO MENDOZA","103",,,,,,"LOCALIDAD","SAN JUAN TILCUAUTLA",,,,"42160","13","HIDALGO","052","San Agustín Tlaxiaca","0019","San Juan Tilcuautla                                                                                           ","031A","004",,"HUEMEX@GMAIL.COM","WWW.HUEMEX.MX","Fijo","20.15321506","-98.80314507","2019-11"
"12334740","13048431110000453000000000U1","INSUMOS Y SUMISTROS ESPECIALIZADOS DE HIDALGO",,"431110","Comercio al por mayor de abarrotes","11 a 30 personas","AVENIDA","CAMINO REAL DE LA PLATA","CALLE","NINGUNO","CALLE","NINGUNO","AVENIDA","CAMINO REAL DE LA PLATA","110",,,"22",,,"COLONIA","ZONA PLATEADA","EDIFICIO COMERCIAL Y DE SERVICIOS","TORRE PRISMA","601","42084","13","HIDALGO","048","Pachuca de Soto","0001","Pachuca de Soto                                                                                               ","1550","023",,"VENTAS@INSUES.MX","ALIUMCORP.COM","Fijo","20.09775267","-98.77187056","2026-04"
"11736270","13048434225000803000000000U0","JR INGENIERIA ELECTRICA",,"434225","Comercio al por mayor de equipo y material eléctrico","11 a 30 personas","AVENIDA","AVENIDA DEL PALMAR","AVENIDA","FERROCARRIL CENTRAL","CALLE","5 DE MAYO","CALLE","5 DE MAYO","317",,,,,,"MANZANA","SANTA JULIA",,,,"42080","13","HIDALGO","048","Pachuca de Soto","0001","Pachuca de Soto                                                                                               ","0162","019","7713694836",,"JRINGENIERIAELECTRICA.COM.MX","Fijo","20.11498264","-98.75906587","2025-04"
"6233367","13051431211000035002006686S6","JUMEX","COMERCIALIZADORA ELORO","431211","Comercio al por mayor de bebidas no alcohólicas y hielo","11 a 30 personas","AVENIDA","B","CALLE","MIGUEL HIDALGO","AVENIDA","E","CALLE","NINGUNO","6",,,,,,"COLONIA","PARQUE INDUSTRIAL CANACINTRA",,,,"42186","13","HIDALGO","051","Mineral de la Reforma","0157","La Reforma (CANACINTRA) [Parque Industrial]                                                                   ","0577","001","7717163125","VSMALDONADOS@JUMEX.COM","WWW.GRUPOJUMEX.COM","Fijo","20.06763171","-98.74072999","2010-07"
"6335937","13048435110000083001005370M2","LA CASA AGRICOLA DEL CAMPESINO DE IXMIQUILPAN","LA CASA AGRICOLA DEL CAMPESINO DE IXMIQUILPAN","435110","Comercio al por mayor de maquinaria y equipo agropecuario, forestal y para la pesca","11 a 30 personas","BOULEVARD","EL MINERO","CALLE","NINGUNO","CIRCUITO","CARDENAL","CALLE","FRATERNIDAD","1704",,,,,,"COLONIA","SAN BARTOLO",,,,"42039","13","HIDALGO","048","Pachuca de Soto","0001","Pachuca de Soto                                                                                               ","1921","005",,"CONTABILIDAD@CASAAGRICOLA.COM.MX",,"Fijo","20.12419312","-98.77675991","2010-07"
"6336191","13048467111002053012007225S2","LA FERRE PACHUCA","LA FERRE COMERCIALIZADORA","434221","Comercio al por mayor de materiales metálicos para la construcción y la manufactura","11 a 30 personas","AVENIDA","GUANAJUATO BOULEVARD DEL MINERO","AVENIDA","OAXACA","CALLE","CALLE 1","PROLONGACION","REFORMA AGRARIA",,"KM 1+500",,,,,"COLONIA","JAVIER ROJO GOMEZ",,,,"42030","13","HIDALGO","048","Pachuca de Soto","0001","Pachuca de Soto                                                                                               ","0938","034",,"PACHUCA@LAFERRE.LAT","WWW.LAFERRE.COM.MX","Fijo","20.12457283","-98.75843964","2010-07"
"6868252","13051431160000053000006776S8","LACTOPRODUCTOS LA LOMA","LACTOPRODUCTOS LA LOMA","431160","Comercio al por mayor de leche y otros productos lácteos","11 a 30 personas","CALLE","CORREGIDORA","AVENIDA","E","CALLE","CAMINO REAL","CALLE","MIGUEL HIDALGO",,"SN",,,,,"PARQUE INDUSTRIAL","LA REFORMA (CANACINTRA)",,,,"42186","13","HIDALGO","051","Mineral de la Reforma","0157","La Reforma (CANACINTRA) [Parque Industrial]                                                                   ","0577","002","5532252483","OARCE@LA-LOMA.COM.MX","WWW.LALOMA.COM.MX","Fijo","20.06835698","-98.73969426","2019-04"
"6336088","13048468213000222011007149S8","LLANTERA AUTOMOTRIZ AMORTIGUADORES PACHUCA","LLANTERA AUTOMOTRIZ","436112","Comercio al por mayor de partes y refacciones nuevas para automóviles, camionetas y camiones","11 a 30 personas","CALLE","FERNANDO RIVEMAR RODRÍGUEZ","CALLE","SAMUEL ARIAS Y SORIA","CALLE","CARLOS SEPÚLVEDA VIVANCO","PRIVADA","JULIÁN HOYO","214",,,,,,"COLONIA","VALLE DE SAN JAVIER",,,,"42094","13","HIDALGO","048","Pachuca de Soto","0001","Pachuca de Soto                                                                                               ","0425","037",,"CONTABILIDAD@LLANTERA-AUTOMOTRIZ.COM","WWW.LLANTERA-AUTOMOTRIZ.COM","Fijo","20.09882563","-98.75038143","2010-07"
"11564847","13051434224000173000000000U5","MADERAS MAX","MADERAS MAX Y ASOCIADOS","434224","Comercio al por mayor de madera para la construcción y la industria","11 a 30 personas","AVENIDA","PRINCIPAL LA JOYA","CALLE","NINGUNO","BOULEVARD","LUIS DONALDO COLOSIO (CARRETERA LIBRAMIENTO A TAMPICO)","CALLE","CIRCUITO BOSQUE REAL",,"SN",,,,,"PRIVADA","UNIÓN CHACÓN",,,,"42186","13","HIDALGO","051","Mineral de la Reforma","0114","Privada del Bosque                                                                                            ","1452","004","7712110331",,,"Fijo","20.08537184","-98.73936665","2024-11"
"6335265","13048435210000083002008141S0","MAQUINAS DIESEL SUC PACHUCA HGO","MAQUINAS DIESEL","435210","Comercio al por mayor de maquinaria y equipo para la construcción y la minería","31 a 50 personas","PRIVADA","DE LOS FICUS","PRIVADA","PRIVADA DE LOS FICUS","CALLE","MÉXICO A TOLUCA","PRIVADA","NINGUNO","200",,,,,,"FRACCIONAMIENTO","ARBOLEDAS DE SAN JAVIER",,,,"42096","13","HIDALGO","048","Pachuca de Soto","0001","Pachuca de Soto                                                                                               ","1940","082","8115170049","OROSALES@MADISA.COM","WWW.MADISA.COM","Fijo","20.11636502","-98.78079909","2010-07"
"9401334","13048435210000154000008141S9","MAQUINAS DIESEL SUC PACHUCA SOTO","MAQUINAS DIESEL","435210","Comercio al por mayor de maquinaria y equipo para la construcción y la minería","31 a 50 personas","BOULEVARD","EVERARDO MÁRQUEZ","CALLE","NINGUNO","BOULEVARD","JAVIER ROJO GÓMEZ","BOULEVARD","PANORÁMICO CARRETERA LAS BOMBAS LA PAZ","134","A Y B",,,,,"COLONIA","COSCOTITLÁN",,,,"42080","13","HIDALGO","048","Pachuca de Soto","0001","Pachuca de Soto                                                                                               ","2328","001","8115170049","OROSALES@MADISA.COM","WWW.MADISA.COM","Fijo","20.09856601","-98.74633119","2023-11"
"6870430","13048434211001213002018626S1","MATERIALES VITE","MATERIALES VITE","434211","Comercio al por mayor de cemento, tabique y grava","11 a 30 personas","BOULEVARD","BOULEVARD DEL MINERO","CALLE","NINGUNO","CALLE","NINGUNO","CALLE","MARIANO MATAMOROS","1112",,,,,,"COLONIA","SAN BARTOLO",,,,"42039","13","HIDALGO","048","Pachuca de Soto","0001","Pachuca de Soto                                                                                               ","2120","008",,"VENTAS01@MATERIALESVITE.COM.MX","WWW.MATERIALESVITE.COM.MX","Fijo","20.12422524","-98.77467923","2019-04"
"9421466","13048434211001664000018626M5","MATERIALES VITE","MATERIALES VITE","434211","Comercio al por mayor de cemento, tabique y grava","31 a 50 personas","BOULEVARD","SANTA CATARINA ","OTRO(ESPECIFIQUE)","PARCELA","CALLE","MIGUEL HIDALGO","CARRETERA","FEDERAL MÉXICO-LAREDO","2505",,,,,,"BARRIO","LA PALMA",,,,"42110","13","HIDALGO","048","Pachuca de Soto","0158","Santiago Tlapacoya                                                                                            ","2686","021",,"ATENCIONACLIENTES@MATERIALESVITE.COM.MX","WWW.MATERIALESVITE.COM","Fijo","20.11143001","-98.82303475","2023-11"
"12297985","13083434112000233000000000U7","MENDOL DISTRIBUIDORA","MENDOL DISTRIBUIDORA","434112","Comercio al por mayor de medicamentos veterinarios y alimentos para animales, excepto mascotas","11 a 30 personas","CARRETERA","CIUDAD SAHAGUN PACHUCA","CALLE","FERNANDO MONTES DE OCA","PROLONGACION","MIGUEL HIDALGO","CALLE","NIÑOS HEROES",,"SN",,,,,"COLONIA","EL CERRITO",,,,"43830","13","HIDALGO","083","Zempoala","0001","Zempoala                                                                                                      ","0123","022","7751385589","MENDOLDISTRIBUIDORA@GMAIL.COM",,"Fijo","19.91845123","-98.67918526","2026-04"
"1592080","13048434219000243000000000U2","MERCADO DE LAMINAS","GE MULTILAMINAS","434219","Comercio al por mayor de otros materiales para la construcción, excepto de madera y metálicos","11 a 30 personas","BOULEVARD","BOULEVARD DEL MINERO","BOULEVARD","BOULEVARD DEL MINERO","AVENIDA","CONSTITUYENTES","CIRCUITO","GOBERNADORES","2201",,,,,,"FRACCIONAMIENTO","PARQUE DE POBLAMIENTO",,,,"42032","13","HIDALGO","048","Pachuca de Soto","0001","Pachuca de Soto                                                                                               ","1118","019","7711487099","VENTAS@MERCADODELAMINAS.MX","WWW.MERCADODELAMINAS.MX","Fijo","20.12399253","-98.77139831","2014-12"
"12298213","13048434211001883000000000U1","MILO HIDRAULICA","MILO HIDRAULICA","434211","Comercio al por mayor de cemento, tabique y grava","11 a 30 personas","CALLE","NINGUNO","CALLE","VICTORIANO HUERTA","CALLE","FRANCISCO I. MADERO","CALLE","VICTORIANO HUERTA",,"SN",,,,,"COLONIA","LA LOMA PACHUCA",,,,"42088","13","HIDALGO","048","Pachuca de Soto","0001","Pachuca de Soto                                                                                               ","260A","019",,"ADMINISTRACION@SUMINISTROSMILO.COM.MX","WWW.MILOTUBERIAS.COM.MX","Fijo","20.125485","-98.80448532","2026-04"
"1538589","13048434221000223011037728S0","NACIONAL FERRETERA DE HIDALGO SUCURSAL CHACON","NACIONAL FERRETERA DE HIDALGO","434221","Comercio al por mayor de materiales metálicos para la construcción y la manufactura","11 a 30 personas","BOULEVARD","LUIS DONALDO COLOSIO","AVENIDA","FRANCISCO VILLA","CALLE","NINGUNO","CALLE","GENERAL VICENTE GUERRERO","1800",,,,,,"COLONIA","ADOLFO LÓPEZ MATEOS",,,,"42093","13","HIDALGO","048","Pachuca de Soto","0001","Pachuca de Soto                                                                                               ","2188","009",,"NFH_CONTABILIDAD@HOTMAIL.COM","WWW.NFH.COM.MX","Fijo","20.08698537","-98.74290832","2010-07"
"8901494","13051434221000123000037728S6","NACIONAL FERRETERA DE HIDALGO SUCURSAL REFORMA BODEGA","NACIONAL FERRETERA DE HIDALGO","434221","Comercio al por mayor de materiales metálicos para la construcción y la manufactura","11 a 30 personas","CALLE","CARRETERA PACHUCA-CD SAHAGUN","CALLE","NINGUNO","CALLE","CIPRÉS","CALLE","HACIENDA DE LOS CEDROS",,"KM 7",,,,,"COLONIA","LA NORIA",,,,"42083","13","HIDALGO","051","Mineral de la Reforma","0008","La Noria                                                                                                      ","0577","003",,"NFH_CONTABILIDAD@HOTMAIL.COM","WWW.NFH.COM.MX","Fijo","20.05341902","-98.74049003","2019-11"
"8505545","13051434229000071001061925M0","PERFILES Y HERRAJES EL PORTEZUELO",,"434229","Comercio al por mayor de otras materias primas para otras industrias","31 a 50 personas","CALLE","TEPOZAN","CALLE","SAN JOSE","CALLE","SAN PEDRO","CALLE","LOS ANGELES","101",,,,,,"COLONIA","LOMAS PORTEZUELO",,,,"42148","13","HIDALGO","051","Mineral de la Reforma","0105","Lomas Portezuelo                                                                                              ","1397","010",,"VENTASPORTEZUELO@PHV.COM.MX",,"Fijo","20.0837271","-98.70942384","2019-11"
"6882877","13048434222000152001002574S9","PRAXAIR MEXICO","PRAXAIR MEXICO","434222","Comercio al por mayor de productos químicos para la industria farmacéutica y para otro uso industrial","11 a 30 personas","AVENIDA","E","CALLE","MIGUEL HIDALGO","CALLE","CAMINO REAL","CALLE","CORREGIDORA",,"MZA 7 LT 1",,,,,"COLONIA","EL CHACON MINERAL DE LA REFORMA",,,,"42093","13","HIDALGO","051","Mineral de la Reforma","0157","La Reforma (CANACINTRA) [Parque Industrial]                                                                   ","0577","002",,"RAFAEL.UNDA@LINDE.COM","HTTPS://WWW.LINDE.MX/","Fijo","20.06782738","-98.74088148","2019-04"
"8513221","13048435110000111001000000U1","PROBOSQUE","PRODUCTOS PARA CAMPO Y JARDIN S. DE R.L. C.V","435110","Comercio al por mayor de maquinaria y equipo agropecuario, forestal y para la pesca","11 a 30 personas","BOULEVARD","LUIS DONALDO COLOSIO","CALLE","CANUTILLO","PRIVADA","SAN ANTONIO","AVENIDA","UNIVERSIDAD","305","A",,,,,"COLONIA","CANUTILLO",,,,"42075","13","HIDALGO","048","Pachuca de Soto","0001","Pachuca de Soto                                                                                               ","0355","001","7712732534","OPERACIONES@TODOPARTES.MX","WWW.PROBOSQUE.MX","Fijo","20.10781471","-98.7171283","2019-11"
"6258894","13048434225000283000003583S5","PROCABLES DE MEXICO SUCURSAL PACHUCA","PROCABLES DE MEXICO","434225","Comercio al por mayor de equipo y material eléctrico","11 a 30 personas","CARRETERA","ESTATAL LIBRE 88 PACHUCA-CIUDAD SAHAGUN","AVENIDA","LA PROVIDENCIA","CALLE","CANACINTRA","CALLE","CA","1955","ML 33",,,,,"FRACCIONAMIENTO","LA REFORMA (CANACINTRA)",,,,"42186","13","HIDALGO","051","Mineral de la Reforma","0157","La Reforma (CANACINTRA) [Parque Industrial]                                                                   ","0577","006",,,"WWW.PROCABLES.COM.MX","Fijo","20.06642555","-98.74409684","2010-07"
"6871578","13048468211002073011021342S7","REFACCIONARIA APYMSA","AUTOPARTES Y MAS","436112","Comercio al por mayor de partes y refacciones nuevas para automóviles, camionetas y camiones","31 a 50 personas","BOULEVARD","EVERARDO MÁRQUEZ","BOULEVARD","JAVIER ROJO GÓMEZ","CALLE","NINGUNO","BOULEVARD","PANORÁMICO CARRETERA LAS BOMBAS-LA PAZ","803",,,,,,"COLONIA","COSCOTITLÁN",,,,"42094","13","HIDALGO","048","Pachuca de Soto","0001","Pachuca de Soto                                                                                               ","2328","001",,"PACHUCA@APYMSA.COM.MX","WWW.APYMSA.COM.MX","Fijo","20.10449759","-98.74671289","2019-04"
"6335318","13048467115001153110005394M2","REPRESENTACIONES Y DISTRIBUCIONES MAR","REPRESENTACIONES Y DISTRIBUCIONES MAR","435419","Comercio al por mayor de otra maquinaria y equipo de uso general","11 a 30 personas","CARRETERA","PACHUCA-TULANCINGO","CALLE","NINGUNO","CALLE","NINGUNO","OTRO(ESPECIFIQUE)","REYNA DE LOS PROFETAS","440",,,,,,"COLONIA","CARBONERAS",,,,"42184","13","HIDALGO","051","Mineral de la Reforma","0108","Paseo de las Reynas                                                                                           ","1414","022",,"SAND_R_R@HOTMAIL.COM",,"Fijo","20.08644768","-98.71296954","2010-07"
"7374349","13048434211001452001000000U5","SAINT BRIAN ROJO ESTRADA","DISTRIBUIDOR SANTOS ","434211","Comercio al por mayor de cemento, tabique y grava","11 a 30 personas","CALLE","EJIDO 2","CALLE","CARRIL","CALLE","MEXICO-PACHUCA","CALLE","JARDINERIA",,"SN",,,,,"COLONIA","SANTA MATÍLDE",,,,"42119","13","HIDALGO","048","Pachuca de Soto","0001","Pachuca de Soto                                                                                               ","2421","008",,,,"Fijo","20.03197211","-98.80257581","2019-11"
"1620833","13048434211000271001045081S0","SAN ANTONIO MATERIALES PARA CONSTRUCCION","SAN ANTONIO MATERIALES PARA CONSTRUCCION","434211","Comercio al por mayor de cemento, tabique y grava","11 a 30 personas","CALLE","MÉXICO-PACHUCA","BOULEVARD","LAS PALMAS","CALLE","NINGUNO","CALLE","ANTONIO AVILA",,"KM 80+500",,,,,"COLONIA","TERESITAS",,,,"42083","13","HIDALGO","048","Pachuca de Soto","0001","Pachuca de Soto                                                                                               ","0783","003",,"RECEPCION@SANMACO.COM",,"Fijo","20.04219109","-98.79432215","2010-07"
"1620324","13048434211000893000045081M1","SAN ANTONIO MATERIALES PARA CONSTRUCCION","SAN ANTONIO MATERIALES PARA CONSTRUCCION","434211","Comercio al por mayor de cemento, tabique y grava","11 a 30 personas","CALLE","MÉXICO-PACHUCA","CALLE","LICENCIADO LUIS DONALDO COLOSIO","CALLE","14 DE FEBRERO","CALLE","SANTA FE",,"SN",,,,,"COLONIA","SAN ANTONIO EL DESMONTE",,,,"42083","13","HIDALGO","048","Pachuca de Soto","0001","Pachuca de Soto                                                                                               ","239A","006","7717110732","RECEPCION@SANMACO.COM",,"Fijo","20.05347778","-98.78838653","2010-07"
"1594930","13048435319000203012000000U3","SISTEMAS DIGITALES IMPRESIONANTES","SISTEMAS DIGITALES IMPRESIONANTES","435412","Comercio al por mayor de mobiliario y equipo de oficina","11 a 30 personas","CARRETERA","PACHUCA-TULANCINGO","AVENIDA","BARTOLOMÉ DE MEDINA","AVENIDA","UNIVERSIDAD","CERRADA","SAN PEDRO","105",,,,,,"COLONIA","CANUTILLO",,,,"42070","13","HIDALGO","048","Pachuca de Soto","0001","Pachuca de Soto                                                                                               ","0355","003","7711277504","BMARQUEZ@SDIMPRESIONANTES.COM","WWW.SDIMPRESIONANTES.COM","Fijo","20.11048693","-98.72216073","2014-12"
"10136508","13051433110000123000000000U2","SOLUCIONE INTEGRALES FARMACEUTICAS Y HOSPITALARIAS","SOLUCIONE INTEGRALES FARMACEUTICAS Y HOSPITALARIAS","433110","Comercio al por mayor de productos farmacéuticos","11 a 30 personas","AVENIDA","B","CALLE","MIGUEL HIDALGO","CALLE","2","CALLE","2",,"SN",,,,,"LOCALIDAD","LA REFORMA (CANACINTRA)",,,,"42186","13","HIDALGO","051","Mineral de la Reforma","0157","La Reforma (CANACINTRA) [Parque Industrial]                                                                   ","0577","001","7716885064",,"SIFYH.COM","Fijo","20.06816758","-98.74158061","2024-11"
"8772056","13048437112000011011000000U7","SOLUCIONES HIDRAULICAS AURUM","SOLUCIONES HIDRAULICAS AURUM","434229","Comercio al por mayor de otras materias primas para otras industrias","11 a 30 personas","CALLE","FRESNO","CALLE","CALLE DEL PINO","CALLE","OYAMEL","CALLE","EL SAUCE","111",,,,,,"COLONIA","EL TEZONTLE",,,,"42084","13","HIDALGO","048","Pachuca de Soto","0001","Pachuca de Soto                                                                                               ","1565","004","5555038493","AURUM.SOLUCIONES@OUTLOOK.COM","WWW.SOLUCIONESHUDRAULICAS.COM.MX","Fijo","20.09247904","-98.77928271","2019-11"
"12298684","13051434222000063000000000U2","SOLUCIONES QUIMICAS GLOBALES","SOLUCIONES QUIMICAS GLOBALES","434222","Comercio al por mayor de productos químicos para la industria farmacéutica y para otro uso industrial","11 a 30 personas","CALLE","NINGUNO","CALLE","TOMAS BAÑOS ZUNIGA","CARRETERA","PACHUCA - CIUDAD SAHAGUN","CALLE","NINGUNO","210",,,,,,"COLONIA","EL CHACON",,,,"42186","13","HIDALGO","051","Mineral de la Reforma","0158","La Reforma [Zona Industrial]                                                                                  ","0577","002",,"RH@SQUIMICASG.COM.MX","WWW.SOLUCIONESQUIJICASGLOBALES.COM.MX","Fijo","20.06618981","-98.7483175","2026-04"
"8781882","13048431160000204000003869S3","SUCURSAL PACHUCA","YAKULT","431160","Comercio al por mayor de leche y otros productos lácteos","31 a 50 personas","CALLE","BUDA","CALLE","JESÚS CRISTO","CALLE","TAKAR SINGH","CALLE","ZARATUSDRA","2103",,,,,,"COLONIA","AMPLIACIÓN SANTA JULIA",,,,"42080","13","HIDALGO","048","Pachuca de Soto","0001","Pachuca de Soto                                                                                               ","1550","001",,"YAKULTMX@YAKULTMEX.NET","WWW.YAKULT.COM.MX","Fijo","20.10080272","-98.76713467","2019-11"
"9404051","13048434225000683000007148S6","TAMEX PACHUCA","DISTRIBUIDORA TAMEX","434225","Comercio al por mayor de equipo y material eléctrico","11 a 30 personas","BOULEVARD","EVERARDO MÁRQUEZ","CALLE","NINGUNO","BOULEVARD","JAVIER ROJO GÓMEZ","BOULEVARD","PANORÁMICO CARRETERA LAS BOMBAS-LA PAZ","481",,,,,,"COLONIA","COSCOTITLÁN",,,,"42092","13","HIDALGO","048","Pachuca de Soto","0001","Pachuca de Soto                                                                                               ","2328","001",,"GUADALUPE.LEAL@TAMEX.MX","WWW.TAMEX.MX","Fijo","20.09568795","-98.74613628","2023-11"
"6802137","15057433220000143002003875S2","TIME FACTORY NAUCALPAN","TIEMPO","433220","Comercio al por mayor de artículos de joyería y relojes","11 a 30 personas","CALLE","MÉXICO-PACHUCA","CALLE","NINGUNO","BOULEVARD","LAS TORRES","CALLE","NINGUNO","6201",,,,"39",,"COLONIA","SAN ANTONIO DEL DESMONTE","CENTRO Y PLAZA COMERCIAL","EXPLANADA PACHUCA","39","42083","13","HIDALGO","048","Pachuca de Soto","0001","Pachuca de Soto                                                                                               ","285A","005","2221208674","OSANCHEZ@TIMEX.COM.MX","WWW.TIMEX.COM.MX","Fijo","20.03787935","-98.7968218","2017-11"
"1623692","13048434225000111001000000U8","TORGON ELECTRICA Y FERRETERIA",,"434225","Comercio al por mayor de equipo y material eléctrico","11 a 30 personas","CALLE","5 DE MAYO","CALLE","NINGUNO","CALLE","FUNDADORES","AVENIDA","JAVIER ROJO GOMEZ","99",,,,,,"COLONIA","SANTA JULIA",,,,"42080","13","HIDALGO","048","Pachuca de Soto","0001","Pachuca de Soto                                                                                               ","0976","022","7713761600","TORGON.28@HOTMAIL.COM",,"Fijo","20.11362869","-98.75359467","2010-07"
"6335777","13048431110000144022004375S6","UNIDAD OPERATIVA HIDALGO","DICONSA","431110","Comercio al por mayor de abarrotes","31 a 50 personas","AVENIDA","UNIVERSIDAD","BOULEVARD","PACHUCA-TULANCINGO","OTRO(ESPECIFIQUE)","NINGUNO","AVENIDA","GENERAL PORFIRIO DÍAZ","0","KM 2",,,,,"COLONIA","FELIPE ÁNGELES",,,,"42090","13","HIDALGO","048","Pachuca de Soto","0001","Pachuca de Soto                                                                                               ","100A","008","5645438976","MNDELGADO@DICONSA.GOB.MX","WWW.GOB.MX/DICONSA","Fijo","20.1112397","-98.72346399","2013-07"
"11145469","13051435419000213000000000U4","VEMAQSA ","VEMAQSA ","435419","Comercio al por mayor de otra maquinaria y equipo de uso general","11 a 30 personas","CALLE","2","AVENIDA","B","CALLE","MIGUEL HIDALGO","AVENIDA","B","131","B",,,,,"LOCALIDAD","LA REFORMA (CANACINTRA)",,,,"42186","13","HIDALGO","051","Mineral de la Reforma","0157","La Reforma (CANACINTRA) [Parque Industrial]                                                                   ","0577","001","7717293314","JOSE.BANOS@VEMAQSA.COM",,"Fijo","20.06625967","-98.74069765","2024-11"
"12299128","13051434224000153000000000U7","VENTA DE MELAMINA TABLA RED ARAUCO MINERAL DE LA REFORMA","DISTRIBUIDORA DE MELAMINA SANTA CLARA","434224","Comercio al por mayor de madera para la construcción y la industria","11 a 30 personas","CALLE","NINGUNO","AVENIDA","A","CALLE","1","CALLE","NINGUNO",,"SN",,,,"BODEGA 8","LOCALIDAD","LA REFORMA (CANACINTRA)",,,,"42186","13","HIDALGO","051","Mineral de la Reforma","0157","La Reforma (CANACINTRA) [Parque Industrial]                                                                   ","0577","006",,,"WWW.TABLARED.MX.ARAUCO.COM","Fijo","20.0649667","-98.74218949","2026-04"
"6710438","13051326212000012022004170M1","VULCANIZACION Y SERVICIOS INDUSTRIALES","VULCANIZACION Y SERVICIOS INDUSTRIALES","435210","Comercio al por mayor de maquinaria y equipo para la construcción y la minería","31 a 50 personas","OTRO(ESPECIFIQUE)","NINGUNO","OTRO(ESPECIFIQUE)","NINGUNO","OTRO(ESPECIFIQUE)","NINGUNO","OTRO(ESPECIFIQUE)","NINGUNO","131",,,,"11",,"COLONIA","SAN JOSE MINERAL DE LA REFORMA",,,,"42185","13","HIDALGO","051","Mineral de la Reforma","0008","La Noria                                                                                                      ","0577","800",,"ANTONIO.GARCIA@GRUPO-VYSISA.MX","WWW.GRUPOVISISA.COM","Fijo","20.05668275","-98.74929112","2016-01"
"11531288","13048431220000034000000000U6","ZD APOYA","ZD APOYA","431220","Comercio al por mayor de cigarros, puros y tabaco","31 a 50 personas","PRIVADA","SIEMBRA","PRIVADA","LABRADOR","PRIVADA","CNC","PRIVADA","SIEMBRA",,"SN",,,,,"FRACCIONAMIENTO","JAVIER ROJO GÓMEZ",,,,"42030","13","HIDALGO","048","Pachuca de Soto","0001","Pachuca de Soto                                                                                               ","0177","013","5580201384",,"WWW.GRUPOZD.MX","Fijo","20.11737848","-98.75276735","2024-11"
"9473185","13048463310003571011061157S4","073 SKX GALERIAS PACHUCA","MANHATTAN SKMX","465215","Comercio al por menor de artículos y aparatos deportivos","11 a 30 personas","AVENIDA","FELIPE ANGELES","AVENIDA","FERROCARRIL CENTRAL","BOULEVARD","FELIPE ANGELES","CARRETERA","OCTOPAN-PACHUCA","102",,,,,,"COLONIA","ZONA PLATEADA","CENTRO Y PLAZA COMERCIAL","GALERIAS PACHUCA","154","42083","13","HIDALGO","048","Pachuca de Soto","0001","Pachuca de Soto                                                                                               ","1550","027","4771144338","RMEJIA@CHARLY.COM","WWW.SKECHERS.COM.MX","Fijo","20.09765521","-98.76700859","2024-05"
"6336328","13048461190000411001002496S4","07556 EL GLOBO PACHUCA","TRADICION EN PASTELERIAS","461190","Comercio al por menor de otros alimentos","11 a 30 personas","CALLE","EVERARDO MARQUEZ","BOULEVARD","RIO DE LAS AVENIDAS","PROLONGACION","SAN FELIPE DE LAS TORRES","PROLONGACION","VICENTE SEGURA","210",,,,,,"COLONIA","CUESCO","CENTRO Y PLAZA COMERCIAL","CENTRO COMERCIAL TUZO PLAZA","SN","42080","13","HIDALGO","048","Pachuca de Soto","0001","Pachuca de Soto                                                                                               ","2417","027",,"MIGUEL.SUAREZ@GRUPOBIMBO.COM","WWW.ELGLOBO.COM.MX","Fijo","20.11242766","-98.74744988","2010-07"
"6796109","13048462210000193012003985S3","10905 CUIDADO CON EL PERRO","COMERCIALIZADORA ALMACENES GARCIA DE MEXICO","463211","Comercio al por menor de ropa, excepto de bebé y lencería","31 a 50 personas","CALLE","VICENTE GUERRERO","CALLE","VICENTE SALAZAR","CALLE","GUADALUPE VICTORIA","CALLE","IGNACÍO COMONFORT","611",,,,,,"COLONIA","CENTRO",,,,"42000","13","HIDALGO","048","Pachuca de Soto","0001","Pachuca de Soto                                                                                               ","0139","023",,"CONTACTO@AGARCIA.MX","HTTPS://WWW.CUIDADOCONELPERRO.COM.MX/","Fijo","20.1256131","-98.7342989","2017-11"
"6796144","13048462210000183012003985S4","10981 CUIDADO CON EL PERRO","COMERCIALIZADORA ALMACENES GARCIA DE MEXICO","463211","Comercio al por menor de ropa, excepto de bebé y lencería","31 a 50 personas","AVENIDA","FELIPE ANGELES","AVENIDA","CAMINO REAL DE LA PLATA","OTRO(ESPECIFIQUE)","NINGUNO","OTRO(ESPECIFIQUE)","NINGUNO","102",,,,"155",,"COLONIA","ZONA PLATEADA","CENTRO Y PLAZA COMERCIAL","GALERIAS PACHUCA","SN","42083","13","HIDALGO","048","Pachuca de Soto","0001","Pachuca de Soto                                                                                               ","1550","027",,"CONTACTO@AGARCIA.MX","HTTPS://WWW.CUIDADOCONELPERRO.COM.MX/","Fijo","20.09765521","-98.76700859","2017-11"
"6336119","13048465212000522002003732S6","124 GALERIAS PACHUCA JUGUETRON","DISTRIBUIDORA JUGUETRON","465212","Comercio al por menor de juguetes","11 a 30 personas","AVENIDA","FELIPE ANGELES","BOULEVARD","FELIPE ÁNGELES","OTRO(ESPECIFIQUE)","MANZANA O EDIFICACIÓN CONTIGUA","OTRO(ESPECIFIQUE)","CANAL","102",,"212 Y 213A","1","212","212A 213A","COLONIA","ZONA PLATEADA","CENTRO Y PLAZA COMERCIAL","GALERIAS PACHUCA","212A-213A","42080","13","HIDALGO","048","Pachuca de Soto","0001","Pachuca de Soto                                                                                               ","1550","027","7711330403","PACHUCA@JUGUETRON.MX","WWW.JUGUETRON.MX","Fijo","20.09765521","-98.76700859","2010-07"
"6336014","13048463310001792101061157S8","174 SKX EXPLANADA PACHUCA","MANHATTAN SKMX","465215","Comercio al por menor de artículos y aparatos deportivos","11 a 30 personas","AUTOPISTA","MEXICO-PACHUCA","BOULEVARD","LAS TORRES","AVENIDA","LA PRINCIPAL","CALLE","JORGE AVILA ISLAS","0","SN",,,,,"COLONIA","SAN ANTONIO EL DESMONTE","CENTRO Y PLAZA COMERCIAL","EXPLANADA ","RF 37A","42083","13","HIDALGO","048","Pachuca de Soto","0001","Pachuca de Soto                                                                                               ","285A","005","4771144338","RMEJIA@CHARLY.COM","WWW.SKECHERS.COM.MX","Fijo","20.03710051","-98.79735106","2011-03"
"9473618","13048465215001162001005304S3","181 CHARLY EXPLANADA PACHUCA","INTER TENIS","465215","Comercio al por menor de artículos y aparatos deportivos","11 a 30 personas","AUTOPISTA","MÉXICO PACHUCA","AVENIDA","LAS TORRES","AVENIDA","LA PRINCIPAL","CALLE","JORGE AVILA ISLAS","6201",,,,,,"COLONIA","SAN ANTONIO EL DESMONTE","CENTRO Y PLAZA COMERCIAL","EXPLANADA PACHUCA","RO35","42083","13","HIDALGO","048","Pachuca de Soto","0001","Pachuca de Soto                                                                                               ","285A","005","4771144338","RMEJIA@CHARLY.COM","WWW.CHARLY.COM","Fijo","20.03755168","-98.79704447","2024-05"
"6336085","13048463211001441001007451S2","2030 PACHUCA I","TIENDAS ALKA","463211","Comercio al por menor de ropa, excepto de bebé y lencería","11 a 30 personas","CALLE","MIGUEL HIDALGO Y COSTILLA","CALLE","JULIÁN VILLAGRÁN","CALLE","MELCHOR OCAMPO","CALLE","VIADUCTO NUEVO HIDALGO","106",,,,,,"COLONIA","CENTRO",,,,"42000","13","HIDALGO","048","Pachuca de Soto","0001","Pachuca de Soto                                                                                               ","0815","020",,"ROBERTO.GUZMAN@TIENDASOPTIMA.COM.MX","WWW.TIENDASOPTIMA.COM","Fijo","20.12782402","-98.73084422","2011-03"
"6336086","13048463211000371002007451S2","2031 PACHUCA II","TIENDAS ALKA","463211","Comercio al por menor de ropa, excepto de bebé y lencería","11 a 30 personas","CALLE","VICENTE GUERRERO","CALLE","GUADALUPE VICTORIA","CALLE","JUAN C DORIA","CALLE","PLAZA DE LA INDEPENDENCIA","503",,,,,,"COLONIA","CENTRO",,,,"42000","13","HIDALGO","048","Pachuca de Soto","0001","Pachuca de Soto                                                                                               ","0143","027",,"ROBERTO.GUZMAN@TIENDASOPTIMA.COM.MX","WWW.TIENDASOPTIMA.COM","Fijo","20.12741732","-98.73299394","2010-07"
"6335657","13048463211004821002003958S2","3278 MILANO","MILANO OPERADORA","463211","Comercio al por menor de ropa, excepto de bebé y lencería","11 a 30 personas","CALLE","VICENTE GUERRERO","CALLE","NICOLÁS FLORES","CALLE","GENERO GUZMÁN MAYER","CERRADA","DE TEXAS","1100",,,,,,"COLONIA","CENTRO",,,,"42000","13","HIDALGO","048","Pachuca de Soto","0001","Pachuca de Soto                                                                                               ","0139","022",,"ATENCION.MILANO@MILANO.COM","WWW.MILANO.COM","Fijo","20.12532465","-98.73469198","2010-07"
"6852867","13048462111000271011000404S7","4216 WALDOS EXPRESS PACHUCA GUERRERO","WALDOS DOLAR MART DE MEXICO","462112","Comercio al por menor en minisupers","11 a 30 personas","CALLE","VICENTE GUERRERO","CALLE","JUAN C DORIA","CALLE","RAMÓN M ROSALES","CALLE","JOSÉ MARIANO JIMÉNEZ","804","A",,,,,"COLONIA","CENTRO",,,,"42000","13","HIDALGO","048","Pachuca de Soto","0001","Pachuca de Soto                                                                                               ","0143","032",,"STORE1005@GRUPOVIZION.COM.MX","WWW.WALDOS.COM.MX","Fijo","20.12743818","-98.7331038","2018-11"
"12320358","13048462111000483000000404S8","5401 WALDOS PUERTA DE HIERRO","WALDOS DOLAR MART DE MEXICO","462111","Comercio al por menor en supermercados","11 a 30 personas","AVENIDA","TECNOLOGICO DE MONTERREY","BOULEVARD","FELIPE ÁNGELES","BOULEVARD","NUEVO HIDALGO","BOULEVARD","LUIS DONALDO COLOSIO",,"SN",,,,,"COLONIA","LA PUERTA DE HIERRO",,,,"42086","13","HIDALGO","048","Pachuca de Soto","0001","Pachuca de Soto                                                                                               ","0529","019",,"STORE5401@WALDOS.COM","WWW.WALDOS.COM.MX","Fijo","20.09321536","-98.76442329","2026-04"
"9469371","13048465212000893000003732S1","712 LCS GALERIAS PACHUCA","DISTRIBUIDORA JUGUETRON","465212","Comercio al por menor de juguetes","11 a 30 personas","AVENIDA","FELIPE ANGELES","BOULEVARD","FELIPE ÁNGELES","OTRO(ESPECIFIQUE)","MANZANA O EDIFICACIÓN CONTIGUA","OTRO(ESPECIFIQUE)","EDIFICACION CONTIGUA","102",,,"18",,"LOCAL 212A-213A","COLONIA","ZONA PLATEADA","CENTRO Y PLAZA COMERCIAL","GALERIAS PACHUCA","SN","42080","13","HIDALGO","048","Pachuca de Soto","0001","Pachuca de Soto                                                                                               ","1550","027","5555643777","DTREJO@JUGUETRON.MX","WWW.JUGUETRON.MX","Fijo","20.09765521","-98.76700859","2023-11"
"9415004","13048463211013113000027554S3","9252 AMERICAN EAGLE GALERIAS PACHUCA","AMERICAN EAGLE MEXICO RETAIL","463211","Comercio al por menor de ropa, excepto de bebé y lencería","11 a 30 personas","AVENIDA","FELIPE ANGELES","OTRO(ESPECIFIQUE)","MANZANA O EDIFICACIÓN CONTIGUA","BOULEVARD","FELIPE ÁNGELES","OTRO(ESPECIFIQUE)","CANAL","102",,,,,,"COLONIA","ZONA PLATEADA","CENTRO Y PLAZA COMERCIAL","GALERIAS PACHUCA","L103","42083","13","HIDALGO","048","Pachuca de Soto","0001","Pachuca de Soto                                                                                               ","1550","027",,"GONZALEZLI@AE.COM","WWW.AMERICANEAGLE.MX","Fijo","20.09765521","-98.76700859","2023-11"
"6336322","13048463211005242002002374S0","ALDO CONTI SUC 97 GALERIAS PACHUCA","27 MICRAS INTERNACIONAL","463211","Comercio al por menor de ropa, excepto de bebé y lencería","11 a 30 personas","AVENIDA","FELIPE ANGELES","BOULEVARD","FELIPE ÁNGELES","OTRO(ESPECIFIQUE)","CANAL","OTRO(ESPECIFIQUE)","MANZANA O EDIFICACIÓN CONTIGUA","102",,,,,,"COLONIA","ZONA PLATEADA","CENTRO Y PLAZA COMERCIAL","GALERIAS PACHUCA","102","42083","13","HIDALGO","048","Pachuca de Soto","0001","Pachuca de Soto                                                                                               ","1550","027",,"ANGARCIA@ALDOCONTI.COM","WWW.ALDOCONTI.COM","Fijo","20.09765521","-98.76700859","2010-07"
"6320220","13048466114000303001003849S8","ALMACENES ANFORA PACHUCA II","ALMACENES ANFORA","466114","Comercio al por menor de cristalería, loza y utensilios de cocina","31 a 50 personas","AVENIDA","BENITO JUÁREZ","CALLE","SAMUEL CARRO","CALLE","MANUEL DUBLÁN","CALLE","GENERAL VICENTE SEGURA","501",,,,,,"COLONIA","REVOLUCIÓN",,,,"42060","13","HIDALGO","048","Pachuca de Soto","0001","Pachuca de Soto                                                                                               ","0196","019",,"CCAMPOS@ALMACENESANFORA.COM.MX","WWW.ALMACENESANFORA.COM","Fijo","20.12018128","-98.74080043","2014-12"
"9457196","13048466114000603000003849S1","ALMACENES ANFORA TULA","ALMACENES ANFORA","466114","Comercio al por menor de cristalería, loza y utensilios de cocina","11 a 30 personas","CALLE","LEANDRO VALLE","CALLE","PLAZA DE LA INDEPENDENCIA","CALLE","VIADUCTO NUEVO HIDALGO","CALLE","MELCHOR OCAMPO","102",,,,,,"COLONIA","CENTRO",,,,"42800","13","HIDALGO","048","Pachuca de Soto","0001","Pachuca de Soto                                                                                               ","0143","014",,"VCAMPOS@ALMACENESANFORA.COM.MX",,"Fijo","20.12671165","-98.73144692","2023-11"
"1596878","13048465215000441001054881S2","ARTICULOS DEPORTIVOS ATLETICOS PATIO PACHUCA","ATLETICOS PACHUCA","465215","Comercio al por menor de artículos y aparatos deportivos","11 a 30 personas","BOULEVARD","LUIS DONALDO COLOSIO","CALLE","NINGUNO","BOULEVARD","REVOLUCIÓN DE 1910","BOULEVARD","BOULEVARD NUEVO HIDALGO","2009",,"CENTRO Y PLAZA COMERCIAL","5",,,"EXHACIENDA","EX HACIENDA DE COSCOTITLAN","CENTRO Y PLAZA COMERCIAL","GRAN PATIO PACHUCA","S 69 Y S 70","42086","13","HIDALGO","048","Pachuca de Soto","0001","Pachuca de Soto                                                                                               ","0779","021",,,"WWW.ATLETICOS.COM","Fijo","20.09393658","-98.75689639","2014-12"
"1618747","13048463310001692001054881M0","ARTICULOS DEPORTIVOS ATLETICOS PLAZA BELLA","ATLETICOS PACHUCA","465215","Comercio al por menor de artículos y aparatos deportivos","11 a 30 personas","CALLE","NINGUNO","CALLE","EVERARDO MÁRQUEZ","CALLE","VIADUCTO RÍO DE LAS AVENIDAS","PROLONGACION","SAN FELIPE DE LAS TORRES","1307",,,,"30","A","COLONIA","PLAZA BELLA","CENTRO Y PLAZA COMERCIAL","PLAZA BELLA PACHUCA","10, 29, 30A","42060","13","HIDALGO","048","Pachuca de Soto","0001","Pachuca de Soto                                                                                               ","2417","007",,,"WWW.ATLETICOS.COM","Fijo","20.11368741","-98.74493402","2010-07"
"11757437","13048469110000243000061172S1","AT&T EXPLANADA PACHUCA","BUSINESS CORPORATE ASOCIATION","469110","Comercio al por menor exclusivamente a través de Internet, y catálogos impresos, televisión y similares","11 a 30 personas","AUTOPISTA","MÉXICO-PACHUCA","AVENIDA","Ninguno","AVENIDA","Las Torres","CALLE","Ninguno",,"SN",,,,,"NINGUNO","NINGUNO",,,,"42083","13","HIDALGO","048","Pachuca de Soto","0001","Pachuca de Soto                                                                                               ","285A","005",,"CONTACTO@BCA.MX","WWW.BCA.MX","Fijo","20.03714642","-98.79731986","2025-04"
"11743178","13048469110000253000061172S0","AT&T GALERIAS PACHUCA","BUSINESS CORPORATE ASOCIATION","469110","Comercio al por menor exclusivamente a través de Internet, y catálogos impresos, televisión y similares","11 a 30 personas","AVENIDA","CAMINO REAL DE LA PLATA","CARRETERA","Felipe Ángeles","AVENIDA","Ninguno","AVENIDA","Ninguno","102",,,,,,"COLONIA","ZONA PLATEADA",,,,"42083","13","HIDALGO","048","Pachuca de Soto","0001","Pachuca de Soto                                                                                               ","1550","027",,"CONTACTO@BCA.MX","WWW.BCA.MX","Fijo","20.09728074","-98.76993325","2025-04"
"12296072","13048468111000483000039027S2","AUTOMOTORES ORIENTALES DE SAN LUIS","AUTOMOTORES ORIENTALES DE SAN LUIS","468111","Comercio al por menor de automóviles y camionetas nuevos","11 a 30 personas","AVENIDA","INDUSTRIAL LA PAZ","BOULEVARD","Luis Donaldo Colosio (Carretera Libramiento a Tampico)","OTRO(ESPECIFIQUE)","La Paz","BOULEVARD","Ninguno","400",,,,,,"COLONIA","INDUSTRIAL LA PAZ",,,,"42186","13","HIDALGO","051","Mineral de la Reforma","0102","Industrial la Paz                                                                                             ","1363","006",,"FMORALESCONTABILIDAD@GMAIL.COM",,"Fijo","20.08827969","-98.74717596","2026-04"
"6861138","13048468111000324002000000U8","AUTOMOTRIZ SAMURAI PACHUCA","AUTOMOTRIZ SAMURAI PACHUCA","468111","Comercio al por menor de automóviles y camionetas nuevos","31 a 50 personas","BOULEVARD","FELIPE ÁNGELES","CALLE","GENERAL RAFAEL CRAVIOTO","CALLE","JOSÉ L SUÁREZ MOLINA","CALLE","GENERAL NICOLÁS FLORES","400",,,,,,"FRACCIONAMIENTO","JUAN C. DORIA",,,,"42083","13","HIDALGO","048","Pachuca de Soto","0001","Pachuca de Soto                                                                                               ","0622","009",,"CONTAB.ASP@GRUPOAUTOFIN.COM",,"Fijo","20.06870986","-98.77961972","2019-04"
"6860744","13052468411000062002000000U0","AUTOSERVICIO AVION","AUTOSERVICIO AVION","468411","Comercio al por menor de gasolina y diesel","11 a 30 personas","CARRETERA","ACTOPAN-PACHUCA","AVENIDA","16 DE SEPTIEMBRE","CALLE","NINGUNO","CALLE","NINGUNO",,"SN",,,,"SN","LOCALIDAD","EL BOTHO",,,,"42163","13","HIDALGO","052","San Agustín Tlaxiaca","0028","El Botho                                                                                                      ","0023","010",,"REPECION@CORPOCONTA.COM.MX",,"Fijo","20.13539556","-98.88504551","2019-04"
"6336529","13048468211001722000009206S0","AUTOZONE DE MEXICO SUCURSAL 7109 PACHUCA","AUTOZONE DE MEXICO","468211","Comercio al por menor de partes y refacciones nuevas para automóviles, camionetas y camiones","11 a 30 personas","CALLE","LUIS DONALDO COLOSIO","BOULEVARD","FELIPE ÁNGELES","CALLE","LUIS DONALDO COLOSIO","CALLE","CONSTRUCTORES HIDALGUENSES","100",,,,,,"COLONIA","AEROPUERTO",,,,"42080","13","HIDALGO","048","Pachuca de Soto","0001","Pachuca de Soto                                                                                               ","0529","014",,"ALFREDO.SANTOS@AUTOZONE.COM",,"Fijo","20.09934516","-98.76259646","2010-07"
"6335484","13051468211000212003009206S7","AUTOZONE DE MEXICO SUCURSAL 7183 PACHUCA PLAZA UNIVERSIDAD","AUTOZONE DE MEXICO","468211","Comercio al por menor de partes y refacciones nuevas para automóviles, camionetas y camiones","11 a 30 personas","CALLE","CARRETERA PACHUCA TULANCINGO","CARRETERA","PACHUCA A TULANCINGO","OTRO(ESPECIFIQUE)","NINGUNO","OTRO(ESPECIFIQUE)","NINGUNO","1000","SN",,,,,"COLONIA","ABUNDIO MARTINEZ","CENTRO Y PLAZA COMERCIAL","PLAZA UNIVERSIDAD","130","42184","13","HIDALGO","051","Mineral de la Reforma","0060","Abundio Martínez                                                                                              ","1236","010",,"ALFREDO.SANTOS@AUTOZONE.COM",,"Fijo","20.09750306","-98.71610681","2011-03"
"6883277","13048468211003043002009206S9","AUTOZONE DE MEXICO SUCURSAL 7493 PACHUCA - NVO. HIDALGO","AUTOZONE DE MEXICO","468211","Comercio al por menor de partes y refacciones nuevas para automóviles, camionetas y camiones","11 a 30 personas","BOULEVARD","NUEVO HIDALGO","CALLE","NINGUNO","OTRO(ESPECIFIQUE)","TERRENO BALDÍO","CALLE","CITLALI","903",,,,,,"COLONIA","COLONIAS",,,,"42083","13","HIDALGO","048","Pachuca de Soto","0001","Pachuca de Soto                                                                                               ","2756","002",,"ALFREDO.SANTOS@AUTOZONE.COM",,"Fijo","20.05765258","-98.7780123","2019-04"
"6868317","13048468211003072001009206S8","AUTOZONE DE MEXICO SUCURSAL 7522 PACHUCA - BLVD. DEL MINERO","AUTOZONE DE MEXICO","468211","Comercio al por menor de partes y refacciones nuevas para automóviles, camionetas y camiones","11 a 30 personas","AVENIDA","GUANAJUATO BOULEVARD DEL MINERO","CALLE","TAMAULIPAS","AVENIDA","OAXACA","CALLE","SAN LUIS POTOSÍ","602",,,,,,"COLONIA","VENUSTIANO CARRANZA",,,,"42030","13","HIDALGO","048","Pachuca de Soto","0001","Pachuca de Soto                                                                                               ","214A","013",,"ALFREDO.SANTOS@AUTOZONE.COM",,"Fijo","20.12485818","-98.7583764","2019-04"
"6868651","13051462111000054010002514S1","BA EXPRESS EL SAUCILIO 2571","NUEVA WAL MART DE MEXICO","462112","Comercio al por menor en minisupers","11 a 30 personas","CALLE","HIGUERA","AVENIDA","DEL PILAR","CALLE","VIOLETA","CALLE","MARGARITA",,"SN",,,,,"COLONIA","EL SAUCILLO",,,,"42181","13","HIDALGO","051","Mineral de la Reforma","0139","El Saucillo Fraccionamiento                                                                                   ","158A","041",,,"WWW.WALMART.COM.MX","Fijo","20.06647197","-98.73259104","2019-04"
"6311831","13048462111000163010002514S6","BA EXPRESS JOSE LUIS MORA 5616","NUEVA WAL MART DE MEXICO","462112","Comercio al por menor en minisupers","11 a 30 personas","CALZADA","VERACRUZ","CALLE","JOSÉ MARÍA LUIS MORA","CALLE","FROYLAN JIMÍNEZ","CALLEJON","PRIMERO DE FROYLAN JIMÉNEZ",,"SN",,,,,"FRACCIONAMIENTO","MORELOS",,,,"42030","13","HIDALGO","048","Pachuca de Soto","0001","Pachuca de Soto                                                                                               ","004A","008",,,"WWW.WALMART.COM.MX","Fijo","20.1272006","-98.74801866","2014-12"
"6335097","13051462111000043010002514S4","BA EXPRESS LOS TUZOS 5617","NUEVA WAL MART DE MEXICO","462112","Comercio al por menor en minisupers","11 a 30 personas","CARRETERA","CARRETERA PACHUCA A CD SAHAGUN KM 20","AVENIDA","MOREDA","CALLE","BASTONES","CALLE","FELIPE ÁNGELES","0","KM 20",,,,,"COLONIA","LOS TUZOS",,,,"42185","13","HIDALGO","051","Mineral de la Reforma","0078","Los Tuzos                                                                                                     ","165A","035",,,"WWW.WALMART.COM.MX","Fijo","20.05675502","-98.75820945","2013-07"
"6777347","13048463211008603001002381S0","BERSHKA","ITX RETAIL MEXICO","463211","Comercio al por menor de ropa, excepto de bebé y lencería","11 a 30 personas","CALLE","CAMINO REAL DE LA PLATA","AVENIDA","CAMINO REAL DE LA PLATA","BOULEVARD","RAMÓN G BONFIL","PRIVADA","NINGUNO","228","100, 101 Y 102",,,,,"COLONIA","ZONA PLATEADA","CENTRO Y PLAZA COMERCIAL","CORPORATIVO GRUPO GINEZ","SN","42083","13","HIDALGO","048","Pachuca de Soto","0001","Pachuca de Soto                                                                                               ","0764","045",,"DATOSPERSONALES@CORPORACIONDENSERVICIOSXXI.MX","WWW.BERSHKA.COM","Fijo","20.09671293","-98.77464084","2017-03"
"7869595","13048463211011843000000000U7","BERSKHA","CORPORACION DE SERVICIOS 21","463211","Comercio al por menor de ropa, excepto de bebé y lencería","11 a 30 personas","BOULEVARD","FELIPE ANGELES","OTRO(ESPECIFIQUE)","CANAL","AVENIDA","CAMINO REAL DE LA PLATA","OTRO(ESPECIFIQUE)","MANZANA O EDIFICACION CONTIGUA","102",,,"1",,,"FRACCIONAMIENTO","ZONA PLATEADA","CENTRO Y PLAZA COMERCIAL","GALERIAS PACHUCA",,"42084","13","HIDALGO","048","Pachuca de Soto","0001","Pachuca de Soto                                                                                               ","1550","027",,,"WWW.BERSHKA.COM","Fijo","20.09765521","-98.76700859","2019-11"
"1532133","13048465213000083000000000U7","BICICLETAS DON NABOR",,"465213","Comercio al por menor de bicicletas","11 a 30 personas","BOULEVARD","PACHUCA-TULANCINGO","CALLE","NINGUNO","CALLE","ARROYO GUADALUPE","OTRO(ESPECIFIQUE)","LUIS DONALDO COLOSIO",,"SN",,,,,"FRACCIONAMIENTO","PROGRESO",,,,"42075","13","HIDALGO","048","Pachuca de Soto","0001","Pachuca de Soto                                                                                               ","0355","014","7711484207",,,"Fijo","20.10527702","-98.71986208","2010-07"
"12320543","13048462111000472000002514S1","BODEGA AURRERA","NUEVA WAL MART DE MEXICO","462111","Comercio al por menor en supermercados","11 a 30 personas","CALLE","JOSEFA ORTIZ DE DOMÍNGUEZ","CIRCUITO","NINGUNO","CALLE","NINGUNO","OTRO(ESPECIFIQUE)","BOSQUE DE EUCALIPTO","506",,,,,,"FRACCIONAMIENTO","BOSQUES DEL PEÑAR",,,,"42083","13","HIDALGO","048","Pachuca de Soto","0001","Pachuca de Soto                                                                                               ","2192","043",,,,"Fijo","20.08750121","-98.7410522","2026-04"
"12328149","13048464111006283000002514S4","BODEGA AURRERA EXPRESS FERNANDEZ DE LIZARDI","NUEVA WAL MART DE MEXICO","464111","Farmacias sin minisúper","11 a 30 personas","CALLE","FERNANDEZ DE LIZARDI","CALLE","NORTE 1","CALLE","BUGAMBILIA","CERRADA","PRIMERA DE BUGAMBILIAS","715",,,,,,"COLONIA","PIRULES",,,,"42070","13","HIDALGO","048","Pachuca de Soto","0001","Pachuca de Soto                                                                                               ","1531","007",,"ATENCIONACLIENTES@WALMART.COM","WWW.WALMART.COM","Fijo","20.11750169","-98.72188036","2026-04"
"9397932","13048462111000355011002514S8","BODEGA AURRERA EXPRESS PASEOS DE LA PLATA 5269","NUEVA WAL MART DE MEXICO","462112","Comercio al por menor en minisupers","11 a 30 personas","CALLE","CAMPO DE TIRO","OTRO(ESPECIFIQUE)","NINGUNO","BOULEVARD","PASEOS DE LA PLATA","CIRCUITO","CIRCUITO DEL ESTAÑO","42111","SN",,,,,"COLONIA","PASEOS DE LA PLATA",,,,"42111","13","HIDALGO","048","Pachuca de Soto","0001","Pachuca de Soto                                                                                               ","292A","019",,,"WWW.WALMART.COM.MX","Fijo","20.05902877","-98.79933474","2024-05"
"9458775","13048462111000325011002514S1","BODEGA AURRERA EXPRESS SANTA JULIA 4874","NUEVA WAL MART DE MEXICO","462112","Comercio al por menor en minisupers","11 a 30 personas","AVENIDA","JAVIER ROJO GÓMEZ","CALLE","16","CALLE","18","CALLE","TULIPÁN","414","Z1 P66",,,,,"COLONIA","AMPLIACIÓN SANTA JULIA",,,,"42080","13","HIDALGO","048","Pachuca de Soto","0001","Pachuca de Soto                                                                                               ","0389","019",,,"WWW.WALMART.COM.MX","Fijo","20.11043071","-98.76346658","2024-05"
"9456859","13048462111000345111002514S9","BODEGA AURRERA EXPRESS VILLAS PACHUCA 4919","NUEVA WAL MART DE MEXICO","462112","Comercio al por menor en minisupers","11 a 30 personas","AVENIDA","FERROCARRIL HIDALGO","CALLE","MANUEL VARGAS CATAÑO","CALLE","LOS PINOS","AVENIDA","MANUEL VARGAS CATAÑO","416","BN",,,,,"COLONIA","SAN ANTONIO EL DESMONTE",,,,"42083","13","HIDALGO","048","Pachuca de Soto","0001","Pachuca de Soto                                                                                               ","2169","062",,,"WWW.WALMART.COM.MX","Fijo","20.04665614","-98.7807722","2024-05"
"11533513","13051467114000513000000000U5","BODEGA DISTRIBUIDORA ALUMINIO Y VIDRIO PACHUCA",,"467114","Comercio al por menor de vidrios y espejos","11 a 30 personas","CALLE","NOGALES","CALLE","ENCINO","AVENIDA","PASEO DEL ALAMO","AVENIDA","PASEO DEL ALAMO",,"SN",,,,,"COLONIA","ÁLAMO RÚSTICO",,,,"42184","13","HIDALGO","051","Mineral de la Reforma","0020","Álamo Rustico                                                                                                 ","1170","002","7712002545","ALUMINIOYVIDRIOPACHUCA@HOTMAIL.COM",,"Fijo","20.09994133","-98.715972","2024-11"
"6336054","13051462210000093002003313S9","BODEGA REG PACHUCA","DISTRIBUIDORA LIVERPOOL","462210","Comercio al por menor en tiendas departamentales","11 a 30 personas","CALLE","NINGUNO","CALLE","NINGUNO","AMPLIACION","NINGUNO","AMPLIACION","NINGUNO","104",,,,,,"PUERTO","LA REFORMA (CANACINTRA)",,,,"42186","13","HIDALGO","051","Mineral de la Reforma","0157","La Reforma (CANACINTRA) [Parque Industrial]                                                                   ","0577","006",,"RJDAVILAN@LIVERPOOL.COM","WWW.LIVERPOOL.COM.MX","Fijo","20.0649667","-98.74218949","2014-12"
"8619130","13048434230000073000000000U0","BODEGA Y VENTA DE LUBRICANTES Y ACEITES AUTOMOTRICES -LUBRICANTES ESPECIALIZADOS DE VERACRUZ","LUBRICANTES ESPECIALIZADOS DE VERACRUZ","468420","Comercio al por menor de aceites y grasas lubricantes, aditivos y similares para vehículos de motor","11 a 30 personas","AVENIDA","UNIVERSIDAD","PRIVADA","SAN PEDRO","CERRADA","SAN PEDRO","OTRO(ESPECIFIQUE)","SAN MARTIN DE PORRES","203","B",,,,,"COLONIA","CIUDAD DE LOS NIÑOS",,,,"42070","13","HIDALGO","048","Pachuca de Soto","0001","Pachuca de Soto                                                                                               ","0355","003",,,"WWW.LEVSALUBRICANTES.COM","Fijo","20.11130269","-98.72160578","2019-11"
"12337019","13052466112000023000001880S8","BODEGON TULA","BODESA","466112","Comercio al por menor de electrodomésticos menores y aparatos de línea blanca","11 a 30 personas","CALLE","MELCHOR OCAMPO","CALLE","CALZADA MELCHOR OCAMPO","CALLE","ZARAGOZA","OTRO(ESPECIFIQUE)","RIO TULA","7",,,,,,"COLONIA","CENTRO",,,,"42170","13","HIDALGO","052","San Agustín Tlaxiaca","0001","San Agustín Tlaxiaca                                                                                          ","0288","025",,"CONTACTOENLINEA@BODESA.COM.MX","WWW.BODESA.COM.MX","Fijo","20.11411938","-98.88896714","2026-04"
"11441871","13051461190001566000000000U8","BOTANAS Y DERIVADOS","BOTANAS Y DERIVADOS","461190","Comercio al por menor de otros alimentos","11 a 30 personas","CALLE","2","AVENIDA","B","CALLE","MIGUEL HIDALGO","CALLE","2",,"SN",,,,,"LOCALIDAD","LA REFORMA (CANACINTRA)",,,,"42186","13","HIDALGO","051","Mineral de la Reforma","0157","La Reforma (CANACINTRA) [Parque Industrial]                                                                   ","0577","001","7714812591","DANIELGILBRAN.GOMEZ@BYDSA.COM",,"Fijo","20.06596972","-98.74020446","2024-11"
"10404576","13048464122000373000000000U6","BOTICARIO 911 TIENDA ORTOPEDIA","BOTICARIO 911","464122","Comercio al por menor de artículos ortopédicos","11 a 30 personas","CALLE","FRANCISCO GONZALEZ BOCANEGRA","AVENIDA","CUAUHTEMOC","AVENIDA","BENITO JUAREZ","AVENIDA","16 DE ENERO DE 1869",,"SN",,,,,"COLONIA","MAESTRANZA",,,,"42060","13","HIDALGO","048","Pachuca de Soto","0001","Pachuca de Soto                                                                                               ","2402","003","7712205690","DIRECCION@BOTICARIO911.COM",,"Fijo","20.11840395","-98.74351632","2024-11"
"10923155","13048466312003073000000000U4","BRIA ARREGLOS",,"466312","Comercio al por menor de plantas y flores naturales","11 a 30 personas","CALLE","ESCUADRON 201","CALLE","ALBERTO BRANIFF","CALLE","RODOLFO NERI VELA","CALLE","ROBERTO FIERRO","102",,,,,,"COLONIA","CARLOS ROVIROSA",,,,"42082","13","HIDALGO","048","Pachuca de Soto","0001","Pachuca de Soto                                                                                               ","0586","011","3326399562","BRIASERVICIOS@GMAIL.COM",,"Fijo","20.07096968","-98.78211725","2024-11"
"8543501","13048468213000583000000000U3","BRIDGSTONE","COMERCIALIZADORA ASANTE IMANI","468213","Comercio al por menor de llantas y cámaras para automóviles, camionetas y camiones","11 a 30 personas","CIRCUITO","IMPULSOR SECTOR PRIMARIO","PRIVADA","VILLA DE LEON","CALLE","NINGUNO","OTRO(ESPECIFIQUE)","TORRES DE LA FUENTE",,"SN",,,"1",,"COLONIA","CARLOS ROVIROSA",,,,"42082","13","HIDALGO","048","Pachuca de Soto","0001","Pachuca de Soto                                                                                               ","0586","042",,"ASANTE_IMANI001@OUTLOOK.COM",,"Fijo","20.06441994","-98.78682922","2019-11"
"10873575","13048468211004173000000000U3","BRM REFACCIONES","BRM REFACCIONES","468211","Comercio al por menor de partes y refacciones nuevas para automóviles, camionetas y camiones","11 a 30 personas","CALLE","NEVADO DE POPOCATEPETL","CALLE","COFRE DE PEROTE","BOULEVARD","LUIS DONALDO COLOSIO","CALLE","NEVADO DE LA MALINCHE","115","A",,,,,"COLONIA","SAN CAYETANO EL BORDO",,,,"42088","13","HIDALGO","048","Pachuca de Soto","0001","Pachuca de Soto                                                                                               ","0406","020",,,,"Fijo","20.10774768","-98.77193939","2024-11"
"6884983","13048468111000333002011021S9","BUICK GMC CADILLAC SAN LUIS","AMERITALIA AUTOS","468111","Comercio al por menor de automóviles y camionetas nuevos","11 a 30 personas","BOULEVARD","EVERARDO MÁRQUEZ","CALLE","NINGUNO","BOULEVARD","JAVIER ROJO GÓMEZ","BOULEVARD","PANORÁMICO CARRETERA LAS BOMBAS-LA PAZ","901","B",,,,,"COLONIA","COSCOTITLÁN",,,,"42064","13","HIDALGO","048","Pachuca de Soto","0001","Pachuca de Soto                                                                                               ","2328","001",,"CP.GABRIELAPEREZT@HOTMAIL.COM",,"Fijo","20.1048281","-98.74672911","2019-04"
"6783650","13048461121002442002001161S2","CARNEMART","ONUS COMERCIAL","461121","Comercio al por menor de carnes rojas","11 a 30 personas","BOULEVARD","RAMÓN G BONFIL (AVENIDA DEL PALMAR)","CALLE","HORTENSIA","CALLE","NARDO","CALLEJON","CALLEJÓN DEL ROSAL","603",,,,,,"COLONIA","AMPLIACIÓN SANTA JULIA",,,,"42080","13","HIDALGO","048","Pachuca de Soto","0001","Pachuca de Soto                                                                                               ","1048","041",,"SERVICIOALCLIENTE@BAFAR.COM.MX","HTTP://CARNEMART.COM/","Fijo","20.11370328","-98.76824316","2017-03"
"1539060","13048461121001822001000000U6","CARNICERIA EBEN EZER",,"461121","Comercio al por menor de carnes rojas","11 a 30 personas","BOULEVARD","JAVIER ROJO GOMEZ","BOULEVARD","VALLE DE SAN JAVIER","BOULEVARD","NUEVO HIDALGO","OTRO(ESPECIFIQUE)","MANZANA O EDIFICACION CONTIGUA","0","SN",,"5","64",,"COLONIA","EXHACIENDA DE COSCOTITLÁN","CENTRAL DE ABASTO","CENTRAL DE ABASTOS PACHUCA","54","42064","13","HIDALGO","048","Pachuca de Soto","0001","Pachuca de Soto                                                                                               ","2347","018",,,,"Fijo","20.10636939","-98.75327951","2010-07"
"7843763","13048461121002543000000000U7","CARNICERIA LA CHIQUITA",,"461121","Comercio al por menor de carnes rojas","11 a 30 personas","CALLE","VICENTE GUERRERO","CALLE","NICOLAS ROMERO","CALLE","NICOLAS FLORES","CALLE","NINGUNO","1000",,,"1",,,"COLONIA","CENTRO","MERCADO PUBLICO","MERCADO BARRETEROS","42","42000","13","HIDALGO","048","Pachuca de Soto","0001","Pachuca de Soto                                                                                               ","0139","029",,,,"Fijo","20.12579201","-98.73429621","2019-11"
"1621501","13048461121000961001000000U3","CARNICERIA LA MEXICANA",,"461121","Comercio al por menor de carnes rojas","11 a 30 personas","CALLE","MINA LA PURISIMA","AVENIDA","PIRACANTOS","CALLE","NINGUNO","CALLE","MINA SAN JUAN","78",,,,"87",,"FRACCIONAMIENTO","PIRACANTOS",,,,"42088","13","HIDALGO","048","Pachuca de Soto","0001","Pachuca de Soto                                                                                               ","0478","008","7715694820",,,"Fijo","20.11920053","-98.77455606","2010-07"
"1532723","13048466212001377003005469M3","CELMI","CELMILENIUM","466212","Comercio al por menor de teléfonos y otros aparatos de comunicación","11 a 30 personas","CALLE","PLAZA JUÁREZ","CALLE","CUAUHTÉMOC","CALLE","VICENTE GUERRERO","CALLE","FRANCISCO DIAZ COVARRUBIAS","116",,,,,,"COLONIA","CENTRO","PASAJE Y ANDADOR COMERCIAL","PORTALES PLAZA JUAREZ","112","42000","13","HIDALGO","048","Pachuca de Soto","0001","Pachuca de Soto                                                                                               ","0139","002",,"JOYCE.SERRANO@CELMI.COM.MX","WWW.CELMILENIUM.MX","Fijo","20.12354862","-98.73632669","2011-03"
"1592930","13048466212001561002005469S2","CELMI","CELMILENIUM","466212","Comercio al por menor de teléfonos y otros aparatos de comunicación","11 a 30 personas","CALLE","PLAZA DE LA INDEPENDENCIA","CALLE","IGNACÍO JOSÉ DE ALLENDE","CALLE","IGNACIO ZARAGOZA","CALLE","JULIÁN VILLAGRÁN","106",,"EDIFICIO SIN NOMBRE","1",,,"COLONIA","CENTRO","EDIFICIO COMERCIAL Y DE SERVICIOS","SIN NOMBRE","PLANTA BAJA ","42000","13","HIDALGO","048","Pachuca de Soto","0001","Pachuca de Soto                                                                                               ","0815","018",,"JOYCE.SERRANO@CELMI.COM.MX","WWW.CELMI.MX","Fijo","20.12792378","-98.73151573","2014-12"
"6510550","13048466212001392002005469S2","CELMI","CELMILENIUM","466212","Comercio al por menor de teléfonos y otros aparatos de comunicación","11 a 30 personas","AVENIDA","FELIPE ANGELES","OTRO(ESPECIFIQUE)","MANZANA O EDIFICACIÓN CONTIGUA","BOULEVARD","FELIPE ÁNGELES","OTRO(ESPECIFIQUE)","CANAL","102",,,,,,"COLONIA","ZONA PLATEADA","EDIFICIO COMERCIAL Y DE SERVICIOS","GALERIAS PACHUCA","LOCAL 203 B","42083","13","HIDALGO","048","Pachuca de Soto","0001","Pachuca de Soto                                                                                               ","1550","027",,"JOYCE.SERRANO@CELMI.COM.MX","WWW.CELMI.MX","Fijo","20.09765521","-98.76700859","2016-01"
"11752886","13048466212004553000005469S6","CELMI (VIA DORADA)","CELMILENIUM","466212","Comercio al por menor de teléfonos y otros aparatos de comunicación","11 a 30 personas","AVENIDA","AVENIDA FERROCARRIL CENTRAL","BOULEVARD","Ninguno","CALLE","San Miguel","BOULEVARD","Ganaderías de la Cuenca","121",,,,,,"COLONIA","ZONA PLATEADA","CENTRO Y PLAZA COMERCIAL","VIA DORADA","L4A","42084","13","HIDALGO","048","Pachuca de Soto","0001","Pachuca de Soto                                                                                               ","2008","096",,"JOYCE.SERRANO@CELMI.COM.MX","WWW.CELMILENIUM.MX","Fijo","20.09457833","-98.77505966","2025-04"
"8258736","13048468211003221001000000U1","CENTRAL DE REFACCIONES CEUNI",,"468211","Comercio al por menor de partes y refacciones nuevas para automóviles, camionetas y camiones","11 a 30 personas","BOULEVARD","LUIS DONALDO COLOSIO","AVENIDA","UNIVERSIDAD","PRIVADA","SAN ANTONIO","CALLE","SAN MARTIN DE PORRES",,"SN",,,,,"COLONIA","CANUTILLO",,,,"42075","13","HIDALGO","048","Pachuca de Soto","0001","Pachuca de Soto                                                                                               ","0355","001",,,,"Fijo","20.1094537","-98.71666857","2019-11"
"9394600","13048468211004063000002456S6","CENTRO DE DISTRIBUCION ORIENTE BODEGA PACHUCA","CENTRO DE DISTRIBUCION ORIENTE","468211","Comercio al por menor de partes y refacciones nuevas para automóviles, camionetas y camiones","11 a 30 personas","PRIVADA","INDUSTRIAL SAN JOSE","AVENIDA","LAS FLORES","CALLE","OTE 5","PRIVADA","NINGUNO","107","LT 8",,,,,"COLONIA","FRACCIONAMIENTO SAN JOSE MINERAL DE LA REFORMA",,,,"42185","13","HIDALGO","051","Mineral de la Reforma","0008","La Noria                                                                                                      ","0577","800","5536663816","JUAN.CABALLERO@CORPRAMA.COM.MX","WWW.REFACCIONARIACALIFORNIA.COM.MX","Fijo","20.05679193","-98.75022599","2023-11"
"6336250","13048468211001843001002456S4","CENTRO DE DISTRIBUCION ORIENTE PACHUCA 2","CENTRO DE DISTRIBUCION ORIENTE","468211","Comercio al por menor de partes y refacciones nuevas para automóviles, camionetas y camiones","11 a 30 personas","BOULEVARD","LUIS DONALDO COLOSIO","CALLE","12 DE DICIEMBRE","CALLE","PIRULES","CALLE","30","3716",,,,,,"COLONIA","AMPLIACIÓN SANTA JULIA",,,,"42080","13","HIDALGO","048","Pachuca de Soto","0001","Pachuca de Soto                                                                                               ","0389","039","5536663816","JUAN.CABALLERO@CORPRAMA.COM.MX","WWW.REFACCIONARIASCALIFORNIA.COM.MX","Fijo","20.10467971","-98.76763005","2010-07"
"6263019","13048468411000273001000000U1","CENTRO DE SERVICIO AUTOMOVILISTICO","CENTRO DE SERVICIO AUTOMOVILISTICO","468411","Comercio al por menor de gasolina y diesel","11 a 30 personas","BOULEVARD","FELIPE ÁNGELES","CALLE","NINGUNO","AVENIDA","AVENIDA DE LAS AVES","AVENIDA","AVENIDA DE LOS CANARIOS",,"SN",,,,,"COLONIA","COLONIAS",,,,"42111","13","HIDALGO","048","Pachuca de Soto","0001","Pachuca de Soto                                                                                               ","1423","006",,"LUIS_KOHMI@PRODIGY.NET.MX",,"Fijo","20.05574319","-98.78652014","2010-07"
"6498497","13051434211000313011000000U4","CENTRO METALICO DE HIDALGO","CENTRO METALICO DE HIDALGO","467111","Comercio al por menor en ferreterías y tlapalerías","31 a 50 personas","CALLE","1","CALLE","NINGUNO","CARRETERA","CIUDAD SAHAGUN A PACHUCA","CALLE","A",,"SN",,,,"BODEGA 6","COLONIA","LA REFORMA (CANACINTRA)",,,,"42180","13","HIDALGO","051","Mineral de la Reforma","0157","La Reforma (CANACINTRA) [Parque Industrial]                                                                   ","0577","006",,"DDIAZ@CENTROMETALICO.COM","WWW.CENTROMETALICO.COM","Fijo","20.06527518","-98.74372343","2016-01"
"11246361","13048468111000433000000000U7","CHANGAN AGENCIA DE AUTOS","AUTOS BUGOM","468111","Comercio al por menor de automóviles y camionetas nuevos","11 a 30 personas","AVENIDA","BENITO JUAREZ","AVENIDA","NINGUNO","AVENIDA","16 DE ENERO DE 1869","AVENIDA","CUAUHTEMOC",,"SN",,,,,"COLONIA","MAESTRANZA",,,,"42060","13","HIDALGO","048","Pachuca de Soto","0001","Pachuca de Soto                                                                                               ","2402","004",,"TDAVILA@CHANGANPACHUCA.COM",,"Fijo","20.11653741","-98.74582967","2024-11"
"1619191","13048468211001833000000000U5","CLUTCH Y FRENOS DE PUEBLA",,"468211","Comercio al por menor de partes y refacciones nuevas para automóviles, camionetas y camiones","11 a 30 personas","AVENIDA","CUAUHTEMOC","CALLE","GENERAL IGNACIO MEJIA","CERRADA","NINGUNO","CALLE","HEROICO COLEGIO MILITAR","702",,,,,,"COLONIA","MAESTRANZA",,,,"42060","13","HIDALGO","048","Pachuca de Soto","0001","Pachuca de Soto                                                                                               ","0196","007","7717186742","LETYCIACFP@HOTMAIL.COM",,"Fijo","20.12144591","-98.74078742","2010-07"
"6856461","13048468411000553000000000U6","COMBO HIDALGO","COMBO HIDALGO","468411","Comercio al por menor de gasolina y diesel","11 a 30 personas","BOULEVARD","REVOLUCIÓN DE 1910","BOULEVARD","LUIS DONALDO COLOSIO","AVENIDA","ANTIGUA CARRETERA LA PAZ","BOULEVARD","NUEVO HIDALGO","302",,,,,,"COLONIA","EX HACIENDA DE COSCOTITLAN",,,,"42064","13","HIDALGO","048","Pachuca de Soto","0001","Pachuca de Soto                                                                                               ","0779","023",,"HIDALGO2016@OUTLOOK.COM",,"Fijo","20.0859884","-98.75987628","2019-04"
"6885523","13048468411000573000000000U4","COMBUSTIBLES BENTAN","COMBUSTIBLES BENTAN","468411","Comercio al por menor de gasolina y diesel","11 a 30 personas","BOULEVARD","LUIS DONALDO COLOSIO","OTRO(ESPECIFIQUE)","NINGUNO","AVENIDA","AVENIDA DE LAS TORRES","CALLE","LITIO","204",,,,"0","SN","FRACCIONAMIENTO","COLOSIO I",,,,"42088","13","HIDALGO","048","Pachuca de Soto","0001","Pachuca de Soto                                                                                               ","1940","081",,"COMBUSTIBLES_BENTAN@HOTMAIL.COM",,"Fijo","20.11669268","-98.78122155","2019-04"
"6263079","13048468411000133002000000U7","COMBUSTIBLES DE PACHUCA","COMBUSTIBLES DE PACHUCA","468411","Comercio al por menor de gasolina y diesel","11 a 30 personas","BOULEVARD","FELIPE ÁNGELES","CARRETERA","ANTIGUA MEXICO-PACHUCA","CARRETERA","ANTIGUA MEXICO-PACHUCA","CARRETERA","ANTIGUA MEXICO-PACHUCA","256",,,,,,"COLONIA","SANTA JULIA",,,,"42080","13","HIDALGO","048","Pachuca de Soto","0001","Pachuca de Soto                                                                                               ","0976","007",,"PACHUCA.COMBUSTIBLES@GMAIL.COM",,"Fijo","20.10603733","-98.75790338","2014-12"
"9326043","13051468411000363100000000U0","COMBUSTIBLES ESPECIALIZADOS JADE","COMBUSTIBLES ESPECIALIZADOS JADE","468411","Comercio al por menor de gasolina y diesel","11 a 30 personas","CARRETERA","CUERPO A DE LA CARRETERA PACHUCA A CD SAHAGUN KM 12+110","OTRO(ESPECIFIQUE)","NINGUNO","OTRO(ESPECIFIQUE)","NINGUNO","OTRO(ESPECIFIQUE)","NINGUNO","12",,,,,,"COLONIA","SANTA MARIA LA CALERA",,,,"42186","13","HIDALGO","051","Mineral de la Reforma","0149","Pradera Dorada","0577","800","7713240780","JADEFACTURAS@OUTLOOK.ES",,"Fijo","20.01380056","-98.72627583","2020-11"
"1535978","13048468420000594000000000U1","COMERCIAL LA LLOSA","COMERCIAL LA LLOSA","468420","Comercio al por menor de aceites y grasas lubricantes, aditivos y similares para vehículos de motor","31 a 50 personas","BOULEVARD","JAVIER ROJO GOMEZ","BOULEVARD","EVERARDO MÁRQUEZ","AVENIDA","RÍO AMAJAC","CALLE","LOMA DE LOS MEXICAS","104",,,,,,"COLONIA","LOMAS RESIDENCIAL PACHUCA",,,,"42080","13","HIDALGO","048","Pachuca de Soto","0001","Pachuca de Soto                                                                                               ","0980","036","7712144700","CONTABILIDADLALLOSA@GMAIL.COM",,"Fijo","20.10576519","-98.74816635","2010-07"
"7868542","13048466112000511111000000U0","COMERCIALIZADORA NALA",,"465912","Comercio al por menor de regalos","11 a 30 personas","CALLE","SAMUEL CARRO","AVENIDA","REVOLUCION","PRIVADA","SAMUEL CARRO","AVENIDA","REVOLUCION",,"SN",,,,,"COLONIA","REVOLUCIÓN",,,,"42060","13","HIDALGO","048","Pachuca de Soto","0001","Pachuca de Soto                                                                                               ","2417","014",,,,"Fijo","20.1182499","-98.74066219","2019-11"
"6858390","13051468411000183000000000U6","CONSORCIO GASOLINERO ARPABRE","CONSORCIO GASOLINERO ARPABRE","468411","Comercio al por menor de gasolina y diesel","11 a 30 personas","AVENIDA","INDEPENDENCIA","CALLE","NINGUNO","CALLE","NINGUNO","CALLE","NINGUNO","488",,,,,,"COLONIA","SEGUNDA SECCION DE PORTEZUELO",,,,"42184","13","HIDALGO","051","Mineral de la Reforma","0075","Segunda Sección del Portezuelo","0577","001",,"ARPABRE.ES09861@GMAIL.COM",,"Fijo","20.0840315","-98.71593499","2019-04"
"6336432","13048462210000053000010705S9","COPPEL CALZADO OCAMPO 574","COPPEL","463310","Comercio al por menor de calzado","11 a 30 personas","CALLE","OCAMPO","CALLE","NUEVO HIDALGO","CALLE","IGNACIO ZARAGOZA","CALLE","JULIAN VILLAGRAN","101",,,,,,"COLONIA","CENTRO",,,,"42000","13","HIDALGO","048","Pachuca de Soto","0001","Pachuca de Soto                                                                                               ","0815","021",,"DATOSPERSONALES@COPPEL.COM","WWW.COPPEL.COM","Fijo","20.12771186","-98.73138036","2010-07"
"9485697","13051462210000134101010705S1","COPPEL COBRANZA MINERAL DE LA REFORMA 524201","COPPEL","462210","Comercio al por menor en tiendas departamentales","11 a 30 personas","AVENIDA","B","AVENIDA","B","CALLE","MIGUEL HIDALGO","CALLE","NINGUNO","21",,,,,,"COLONIA","PARQUE INDUSTRIAL CANACINTRA",,,,"42186","13","HIDALGO","051","Mineral de la Reforma","0157","La Reforma (CANACINTRA) [Parque Industrial]                                                                   ","0577","001",,"DATOSPERSONALES@COPPEL.COM","WWW.COPPEL.COM","Fijo","20.06727826","-98.74012975","2024-05"
"6336036","13048462210000155001010705S2","COPPEL COBRANZA PACHUCA 511901","COPPEL","462210","Comercio al por menor en tiendas departamentales","11 a 30 personas","CALLE","FROYLAN JIMÍNEZ","AVENIDA","HÉROES DE CHAPULTEPEC","AVENIDA","PRIMERO DE MAYO","AVENIDA","AVENIDA DEL TRABAJO","402","A",,,,,"COLONIA","MORELOS",,,,"42040","13","HIDALGO","048","Pachuca de Soto","0001","Pachuca de Soto                                                                                               ","004A","006",,"DATOSPERSONALES@COPPEL.COM","WWW.COPPEL.COM","Fijo","20.12509092","-98.74662082","2014-12"
"9485229","13051462210000121011010705S8","COPPEL MOTOS MINERAL DE REFORMA 7980","COPPEL","468311","Comercio al por menor de motocicletas","11 a 30 personas","CARRETERA","PACHUCA-TULANCINGO","CALLE","MARIA LUISA ROOS LANDA","PRIVADA","RANCHO GUADALUPE","CALLE","ABUNDIO MARTINEZ","1000",,,,,,"COLONIA","CARBONERA","CENTRO Y PLAZA COMERCIAL","UNIVERSIDAD HIDALGO","LB002 Y LB003","42183","13","HIDALGO","051","Mineral de la Reforma","0004","Carboneras                                                                                                    ","1077","028",,"DATOSPERSONALES@COPPEL.COM","WWW.COPPEL.COM","Fijo","20.0930333","-98.7141477","2024-05"
"11759693","13048462210000333000010705S5","COPPEL PERSONAL PACHUCA","COPPEL","462210","Comercio al por menor en tiendas departamentales","11 a 30 personas","AVENIDA","BENITO JUÁREZ","CALLE","CAYETANO GÓMEZ PÉREZ","CALLE","J MARÍA LAFRAGUA","CALLE","CUAUHTÉMOC","200",,,,,,"COLONIA","CENTRO",,,,"42000","13","HIDALGO","048","Pachuca de Soto","0001","Pachuca de Soto                                                                                               ","0196","010",,"DATOSPERSONALES@COPPEL.COM","WWW.COPPEL.COM","Fijo","20.12245955","-98.73769113","2025-04"
"11764991","13069462210000093000010705S1","COPPEL PERSONAL TIZAYUCA","COPPEL","462210","Comercio al por menor en tiendas departamentales","11 a 30 personas","AVENIDA","BENITO JUÁREZ","BOULEVARD","CAYETANO GÓMEZ PÉREZ","CALLE","J MARÍA LAFRAGUA","CALLE","CUAUHTÉMOC","1","NTE",,,,,"COLONIA","CENTRO",,,,"43800","13","HIDALGO","048","Pachuca de Soto","0001","Pachuca de Soto                                                                                               ","0196","010",,"DATOSPERSONALES@COPPEL.COM","WWW.COPPEL.COM","Fijo","20.12246319","-98.73768579","2025-04"
"9485743","13048462210000314100010705S5","COPPEL TIENDA DEPARTAMENTAL BONFIL 7651","COPPEL","462210","Comercio al por menor en tiendas departamentales","31 a 50 personas","BOULEVARD","RAMON G. BONFIL","BOULEVARD","LUIS DONALDO COLOSIO","CALLE","PUERTO PAPANTLA","CALLE","NINGUNO","1303",,,,,,"COLONIA","EL PALMAR I",,,,"42088","13","HIDALGO","048","Pachuca de Soto","0001","Pachuca de Soto                                                                                               ","1052","017",,"DATOSPERSONALES@COPPEL.COM","WWW.COPPEL.COM","Fijo","20.11297201","-98.77376918","2024-05"
"6336214","13048462210000043003010705S0","COPPEL TIENDA DEPARTAMENTAL CARRANZA 816","COPPEL","462210","Comercio al por menor en tiendas departamentales","31 a 50 personas","CALLE","VENUSTIANO CARRANZA","CALLE","PLAZA CONSTITUCIÓN","AVENIDA","LA RAZA","CALLE","PRIMERA AGUSTÍN DEL RÍO","104","KM 1",,,,,"COLONIA","CENTRO",,,,"42000","13","HIDALGO","048","Pachuca de Soto","0001","Pachuca de Soto                                                                                               ","0868","007",,"DATOSPERSONALES@COPPEL.COM","WWW.COPPEL.COM","Fijo","20.12972775","-98.7303038","2010-07"
"9484735","13048462210000324100010705S4","COPPEL TIENDA DEPARTAMENTAL EXPLANADA PACHUCA 7657","COPPEL","462210","Comercio al por menor en tiendas departamentales","31 a 50 personas","AUTOPISTA","MEXICO PACHUCA","AVENIDA","LA PRINCIPAL","AVENIDA","LAS TORRES","CALLE","JORGE ÁVILA ISLAS","6201",,,,,,"COLONIA","SAN ANTONIO EL DESMONTE","CENTRO Y PLAZA COMERCIAL","PLAZA EXPLANADA PACHUCA","52","42083","13","HIDALGO","048","Pachuca de Soto","0001","Pachuca de Soto                                                                                               ","285A","005",,"DATOSPERSONALES@COPPEL.COM","WWW.COPPEL.COM","Fijo","20.03710051","-98.79735106","2024-05"
"6262676","13048466111001223013010705S3","COPPEL TIENDA DEPARTAMENTAL GRAN PATIO 1438","COPPEL","462210","Comercio al por menor en tiendas departamentales","31 a 50 personas","BOULEVARD","LUIS DONALDO COLOSIO","BOULEVARD","NUEVO HIDALGO","BOULEVARD","REVOLUCIÓN DE 1910","BOULEVARD","NUEVO HIDALGO","0","MZ 01",,,,,"COLONIA","EXHACIENDA DE COSCOTITLAN",,,,"42064","13","HIDALGO","048","Pachuca de Soto","0001","Pachuca de Soto                                                                                               ","0779","021",,"DATOSPERSONALES@COPPEL.COM","WWW.COPPEL.COM","Fijo","20.09430326","-98.75726445","2011-03"
"11760103","13051462210000144000010705S0","COPPEL TIENDA DEPARTAMENTAL LA PROVIDENCIA 7850","COPPEL","462210","Comercio al por menor en tiendas departamentales","31 a 50 personas","BOULEVARD","SANTA CECILIA","CALLE","NINGUNO","CALLE","NINGUNO","CALLE","NINGUNO","266",,,,,,"COLONIA","SANTA RITA",,,,"42180","13","HIDALGO","051","Mineral de la Reforma","0027","La Providencia Siglo XXI                                                                                      ","0736","033",,"DATOSPERSONALES@COPPEL.COM","WWW.COPPEL.COM","Fijo","20.0697727","-98.71571309","2025-04"
"6336281","13048462210000074000010705S5","COPPEL TIENDA DEPARTAMENTAL LAS VILLAS 401","COPPEL","462210","Comercio al por menor en tiendas departamentales","31 a 50 personas","BOULEVARD","NUEVO HIDALGO","BOULEVARD","FELIPE ÁNGELES","AVENIDA","FERROCARRIL HIDALGO","AVENIDA","AVENIDA DE LAS AVES","2607",,,,"1",,"COLONIA","RANCHO LA COLONIA",,,,"42083","13","HIDALGO","048","Pachuca de Soto","0001","Pachuca de Soto                                                                                               ","1423","006",,"DATOSPERSONALES@COPPEL.COM","WWW.COPPEL.COM","Fijo","20.05505692","-98.78164988","2010-07"
"6263075","13048466111001234022010705S0","COPPEL TIENDA DEPARTAMENTAL PLAZA BELLA 1445","COPPEL","462210","Comercio al por menor en tiendas departamentales","31 a 50 personas","AVENIDA","REVOLUCION","BOULEVARD","EVERARDO MARQUEZ","CALLE","16 DE ENERO DE 1869","VIADUCTO","RÍO DE LAS AVENIDAS","1307",,,,"288",,"COLONIA","ZONA CENTRO","CENTRO Y PLAZA COMERCIAL","PLAZA BELLA","288","42000","13","HIDALGO","048","Pachuca de Soto","0001","Pachuca de Soto                                                                                               ","2417","007",,"DATOSPERSONALES@COPPEL.COM","WWW.COPPEL.COM","Fijo","20.113736","-98.74436134","2010-07"
"6336082","13048462210000084003010705S4","COPPEL TIENDA DEPARTAMENTAL PLAZA DEL VALLE 194","COPPEL","462210","Comercio al por menor en tiendas departamentales","31 a 50 personas","BOULEVARD","LUIS DONALDO COLOSIO","CALLE","CONSTRUCTORES HIDALGUENSES","BOULEVARD","NUEVO HIDALGO","CALLE","TECNOLOGICO DE MONTERREY","204",,,,,,"COLONIA","VENTA PRIETA","CENTRO Y PLAZA COMERCIAL","PLAZA DEL VALLE","SN","42083","13","HIDALGO","048","Pachuca de Soto","0001","Pachuca de Soto                                                                                               ","0529","019",,"DATOSPERSONALES@COPPEL.COM","WWW.COPPEL.COM","Fijo","20.09710198","-98.76021696","2011-03"
"6336021","13051462210000034000010705S3","COPPEL TIENDA DEPARTAMENTAL PLAZA UNIVERSIDAD 319","COPPEL","462210","Comercio al por menor en tiendas departamentales","31 a 50 personas","CARRETERA","CARRETERA PACHUCA TULANCINGO","CALLE","MARÍA LUISA ROSS","CALLE","LAS PALOMAS EN CARBONERAS","OTRO(ESPECIFIQUE)","NINGUNO","1000",,,,,,"COLONIA","ABUNDIO MARTINEZ","CENTRO Y PLAZA COMERCIAL","PLAZA UNIVERSIDAD","319","42184","13","HIDALGO","051","Mineral de la Reforma","0060","Abundio Martínez                                                                                              ","1236","010",,"DATOSPERSONALES@COPPEL.COM","WWW.COPPEL.COM","Fijo","20.09750306","-98.71610681","2010-07"
"1568937","13048722515000053010000000U7","CORPORATIVO KEPACREPA","CORPORATICO KEPACREPA","461160","Comercio al por menor de dulces y materias primas para repostería","11 a 30 personas","CALLE","TEODOMIRO MANZANO","AVENIDA","FELIPE ANGELES","AVENIDA","MANUEL VARGAS CATAÑO","CALLE","LICENCIADO HERNANDEZ Y FERNANDEZ","215",,,,,,"COLONIA","SAN ANTONIO EL DESMONTE",,,,"42083","13","HIDALGO","048","Pachuca de Soto","0001","Pachuca de Soto                                                                                               ","2385","022","7712544053","RH@KEPACROPA.COM","WWW.KEPACREPA.COM","Fijo","20.04898774","-98.78355497","2014-12"
"1621660","13048468411000253000000000U3","DAMOR","DAMOR","468411","Comercio al por menor de gasolina y diesel","11 a 30 personas","BOULEVARD","LUIS DONALDO COLOSIO","AVENIDA","GABRIEL MANCERA","CALLE","OBSIDIANA","CALLE","DIAMANTE","1100",,,,,,"FRACCIONAMIENTO","COLOSIO I",,,,"42080","13","HIDALGO","048","Pachuca de Soto","0001","Pachuca de Soto                                                                                               ","1936","029",,"CONTABILIDAD@SEAHSC.COM",,"Fijo","20.1172342","-98.78123366","2010-07"
"10100440","13048466212004414000000000U1","DASEY CORP","DASEY CORP","466212","Comercio al por menor de teléfonos y otros aparatos de comunicación","31 a 50 personas","AVENIDA","REVOLUCION","PRIVADA","NINGUNO","CALLE","12 DE OCTUBRE DE 1492","AVENIDA","REVOLUCION","1203",,,,,,"COLONIA","REVOLUCIÓN",,,,"42060","13","HIDALGO","048","Pachuca de Soto","0001","Pachuca de Soto                                                                                               ","2417","014","7295158409",,,"Fijo","20.11734931","-98.7411314","2024-11"
"1558495","13051436112000013013028179S8","DIFATSA MINERAL DE LA REFORMA","DISTRIBUIDOR DE FILTROS AUTOPARTES Y SERVICIO DE TOLUCA","468211","Comercio al por menor de partes y refacciones nuevas para automóviles, camionetas y camiones","31 a 50 personas","CARRETERA","PACHUCA A TULANCINGO KM 7+500","CALLE","VENUSTIANO CARRANZA","PRIVADA","NINGUNO","AVENIDA","FRANCISCO I MADERO",,"KM 7+500",,,,,"COLONIA","PACHUQUILLA CENTRO",,,,"42180","13","HIDALGO","051","Mineral de la Reforma","0001","Pachuquilla                                                                                                   ","0191","005",,"CONTA1@DIFATSA.MX","WWW.DIFATSA.MX","Fijo","20.07106291","-98.69665854","2014-12"
"6336012","13048468311000103000012612S2","DINAMO SUCURSAL PACHUCA","DISTRIBUIDORA NACIONAL DE MOTOCICLETAS","468311","Comercio al por menor de motocicletas","11 a 30 personas","BOULEVARD","LUIS DONALDO COLOSIO","CALLE","ABRAHAM","CALLE","IZTACCÍHUATL","CERRADA","PRIMERA KABIR","403",,,,,,"COLONIA","AMPLIACIÓN SANTA JULIA",,,,"42080","13","HIDALGO","048","Pachuca de Soto","0001","Pachuca de Soto                                                                                               ","0406","015",,"GGALVAN@CONTACTOCP.COM.MX","WWW.DINAMOTOS.MX","Fijo","20.10366187","-98.76699537","2014-12"
"8566035","13051467114000332001000000U0","DISTRIBUIDORA DE ALUMINIO Y VIDRIO VILLAS DEL ALAMO",,"467114","Comercio al por menor de vidrios y espejos","11 a 30 personas","CALLE","NOGALES","CALLE","ENCINO","AVENIDA","PASEO DEL ALAMO","AVENIDA","PASEO DEL ALAMO","204",,,,,,"COLONIA","ÁLAMO RÚSTICO",,,,"42184","13","HIDALGO","051","Mineral de la Reforma","0020","Álamo Rustico                                                                                                 ","1170","002","7712002545","ALUMINIOYVIDRIOPACHUCA@HOTMAIL.COM",,"Fijo","20.10022578","-98.7161384","2019-11"
"11063415","13048467111005073000000000U7","DISTRIBUIDORA DE HIDALGO FERRETERIA","DISTRIBUIDORA DE HIDALGO FERRETERIA","467111","Comercio al por menor en ferreterías y tlapalerías","11 a 30 personas","BOULEVARD","LUIS DONALDO COLOSIO","CALLE","CANAL","CERRADA","CHAMIZAL","BOULEVARD","FELIPE ANGELES",,"SN",,,"110",,"COLONIA","AMPLIACIÓN SANTA JULIA",,,,"42080","13","HIDALGO","048","Pachuca de Soto","0001","Pachuca de Soto                                                                                               ","0976","020",,"ADMINISTRACION@DISTRIBUIDORADEHIDALGO.COM.MX","WWW.DISTRIBUIDORADEHIDALGO.COM.MX","Fijo","20.10243505","-98.76530317","2024-11"
"10452950","13048461190003744000000000U5","DULCERIA EL PELON","DISTRIBUIDORA DE DULCES EL PELON","461190","Comercio al por menor de otros alimentos","31 a 50 personas","BOULEVARD","JAVIER ROJO GOMEZ","BOULEVARD","VALLE DE SAN JAVIER","BOULEVARD","NUEVO HIDALGO","OTRO(ESPECIFIQUE)","MANZANA O EDIFICACION CONTIGUA","0","SN",,"5",,,"COLONIA","EXHACIENDA DE COSCOTITLÁN","CENTRAL DE ABASTO","CENTRAL DE ABASTOS PACHUCA","SN","42064","13","HIDALGO","048","Pachuca de Soto","0001","Pachuca de Soto                                                                                               ","2347","018","7711073391","DITRIBUIDORADEDULCESELPELON@GMAIL.COM",,"Fijo","20.10636939","-98.75327951","2024-11"
"1593499","13048461160001182002000000U3","DULCERIA EL PELON","DISTRIBUIDORA DE DULCES EL PELON","461160","Comercio al por menor de dulces y materias primas para repostería","31 a 50 personas","CALLE","JAIME NUNO","AVENIDA","REVOLUCION","CALLE","VIADUCTO RIO DE LAS AVENIDAS","PRIVADA","NINGUNO","308",,,,,,"COLONIA","PERIODISTAS",,,,"42060","13","HIDALGO","048","Pachuca de Soto","0001","Pachuca de Soto                                                                                               ","2417","005","7711073391","DISTRIBUIDORADEDULCESELPELON@GMAIL.COM",,"Fijo","20.11569961","-98.74152359","2014-12"
"6336570","13048461160000151002005478S9","DULCES CRAVIOTO SUCURSAL VALLE DE SAN JAVIER NO 100","GRUPO CRAVIOTO DISTRIBUCIONES","461160","Comercio al por menor de dulces y materias primas para repostería","11 a 30 personas","BOULEVARD","VALLE DE SAN JAVIER","BOULEVARD","JAVIER ROJO GÓMEZ","OTRO(ESPECIFIQUE)","MANZANA O EDIFICACIÓN CONTIGUA","BOULEVARD","NUEVO HIDALGO","100",,,,,,"COLONIA","EXHACIENDA DE COSCOTITLÁN",,,,"42086","13","HIDALGO","048","Pachuca de Soto","0001","Pachuca de Soto                                                                                               ","2347","018",,"GERARDOGAONA2001@YAHOO.COM.MX",,"Fijo","20.10527637","-98.75084495","2010-07"
"1598023","13048468311000111001000000U5","ELITE BIKES PACHUCA","ELITE BIKES","468311","Comercio al por menor de motocicletas","11 a 30 personas","BOULEVARD","LUIS DONALDO COLOSIO","CALLE","NINGUNO","CALLE","NINGUNO","CALLE","NINGUNO","5","LOTE",,,,,"FRACCIONAMIENTO","EL PALMAR",,,,"42088","13","HIDALGO","048","Pachuca de Soto","0001","Pachuca de Soto                                                                                               ","1052","049",,"ELITEBIKES01@HOTMAIL.COM",,"Fijo","20.1111307","-98.7743963","2014-12"
"1620330","13048468411000031001000000U3","ESTACION COLONIAS","ESTACION COLONIAS","468411","Comercio al por menor de gasolina y diesel","11 a 30 personas","CALLE","MÉXICO-PACHUCA","CALLE","LICENCIADO LUIS DONALDO COLOSIO","CALLE","CANARIOS","CALLE","SANTA FE",,"SN",,,,,"COLONIA","SAN ANTONIO EL DESMONTE",,,,"42111","13","HIDALGO","048","Pachuca de Soto","0001","Pachuca de Soto                                                                                               ","239A","013",,"5988@KOHMI.COM.MX",,"Fijo","20.05439479","-98.78794479","2010-07"
"6335577","13051468411000153000021099S9","ESTACION DE SERVICIO ALAMO","ESTACION DE SERVICIO ARIEL","468411","Comercio al por menor de gasolina y diesel","11 a 30 personas","CALLE","ENCINO","CARRETERA","PACHUCA A TULANCINGO","CALLE","NOGALES","CALLE","ROBLE","220",,,,,,"COLONIA","ÁLAMO RÚSTICO",,,,"42181","13","HIDALGO","051","Mineral de la Reforma","0020","Álamo Rustico                                                                                                 ","1170","003",,"CONTRALOR.ESA@OUTLOOK.COM","WWW.GASARIEL.COM","Fijo","20.09924","-98.71605544","2014-12"
"1535971","13048468411000143001021099M6","ESTACION DE SERVICIO ARIEL EVERARDO MARQUEZ","ESTACION DE SERVICIO ARIEL","468411","Comercio al por menor de gasolina y diesel","31 a 50 personas","BOULEVARD","EVERARDO MÁRQUEZ","CALLE","LOMA DE LOS MEXICAS","BOULEVARD","JAVIER ROJO GÓMEZ","OTRO(ESPECIFIQUE)","ROJO GÓMEZ ","302",,,,,,"FRACCIONAMIENTO","LOMAS RESIDENCIAL PACHUCA",,,,"42094","13","HIDALGO","048","Pachuca de Soto","0001","Pachuca de Soto                                                                                               ","0980","036",,"CONTRALOR.ESA@OUTLOOK.COM","WWW.GASARIEL.COM","Fijo","20.10715881","-98.74712817","2010-07"
"6860819","13051468411000303000039321M0","ESTACION DE SERVICIO EL CHACON","ESTACION DE SERVICIO EL CHACON","468411","Comercio al por menor de gasolina y diesel","11 a 30 personas","CALLE","CARRETERA PACHUCA-CD SAHAGUN","CALLE","VENUSTIANO CARRANZA","CALLE","NINGUNO","CALLE","NINGUNO","1186",,,,,,"COLONIA","NUEVO CENTRO DE POBLACIÓN AGRICOLA EL CHACÓN",,,,"42181","13","HIDALGO","051","Mineral de la Reforma","0033","Nuevo Centro de Población Agrícola el Chacón                                                                  ","0577","020",,"ES.CHACON9119@GMAIL.COM",,"Fijo","20.07324962","-98.74455585","2019-04"
"8292522","13051468411000313000039321S9","ESTACION DE SERVICIO EL CHACON","ESTACION DE SERVICIO EL CHACON","468411","Comercio al por menor de gasolina y diesel","11 a 30 personas","CARRETERA","PACHUCA-TULANCINGO","PRIVADA","12 DE ABRIL","CALLE","ALVINO GOMÉZ","CERRADA","PRUDENCIO LARA","4001",,,,,,"FRACCIONAMIENTO","LOMAS PORTEZUELO",,,,"42180","13","HIDALGO","051","Mineral de la Reforma","0105","Lomas Portezuelo                                                                                              ","1397","011","7712068613","GASPACHUQUILLA17@GMAIL.COM",,"Fijo","20.0781207","-98.70973575","2019-11"
"6335523","13048468411000324001005415M2","ESTACION DE SERVICIO GESA","ESTACION DE SERVICIO GESA","468411","Comercio al por menor de gasolina y diesel","11 a 30 personas","BOULEVARD","RIO DE LAS AVENIDAS","CALLE","MARGARITA MICHELENA","PRIVADA","NINGUNO","AVENIDA","PALMITAS","1203",,,,,,"COLONIA","LAS PALMITAS",,,,"42094","13","HIDALGO","048","Pachuca de Soto","0001","Pachuca de Soto                                                                                               ","0980","005",,"DEPTO.CONTABLE.GESA@GMAIL.COM","WWW.SERVICIOGESA6334.COM","Fijo","20.11311501","-98.7434133","2010-07"
"6336611","13051468411000095003005415S2","ESTACION DE SERVICIO GESA MINERAL ","ESTACION DE SERVICIO GESA","468411","Comercio al por menor de gasolina y diesel","11 a 30 personas","AVENIDA","SAN MARCOS ","AVENIDA","SAN MARCOS (LA QUINTA)","CALLE","CEDRO ROJO","CERRADA","NINGUNO","76",,,,,,"COLONIA","LOS CEDROS",,,,"42185","13","HIDALGO","051","Mineral de la Reforma","0130","Rinconadas de San Francisco                                                                                   ","1842","029",,"DEPTO.CONTABLE.GESA@GMAIL.COM","WWW.SERVICIOGESA6334.COM","Fijo","20.06596369","-98.77051891","2014-12"
"1599977","13048468411000072000000000U7","ESTACION EGU PUERTA DE HIERRO","EGU","468411","Comercio al por menor de gasolina y diesel","31 a 50 personas","BOULEVARD","NUEVO HIDALGO","AVENIDA","TECNOLOGICO DE MONTERREY","CALLE","NINGUNO","CALLE","NINGUNO","204",,,,,,"FRACCIONAMIENTO","PUERTA DE HIERRO",,,,"42080","13","HIDALGO","048","Pachuca de Soto","0001","Pachuca de Soto                                                                                               ","0529","019",,"EGU.ESA@OUTLOOK.COM",,"Fijo","20.09462177","-98.76086465","2010-07"
"1522614","13051468411000022001000000U6","ESTACION PALMA GORDA","ESTACION PALMA GORDA","468411","Comercio al por menor de gasolina y diesel","11 a 30 personas","AVENIDA","PACHUCA-SAHAGÚN","CALLE","HUALULA","CARRETERA","SAUCILLO","CALLE","NINGUNO","13",,,,,,"COLONIA","LAS ÁGUILAS",,,,"42186","13","HIDALGO","051","Mineral de la Reforma","0090","Las Águilas                                                                                                   ","1274","010","7711897257","8110@KOHMI.COM.MX",,"Fijo","20.07972289","-98.74535409","2010-07"
"6860008","13048468411000593100000000U2","ESTACION REAL DE LA PLATA","ESTACION REAL DE LA PLATA","468411","Comercio al por menor de gasolina y diesel","11 a 30 personas","BOULEVARD","RAMÓN G BONFIL","AVENIDA","CAMINO REAL DE LA PLATA","AVENIDA","JAVIER ROJO GOMEZ","CALLE","NINGUNO","4171",,,,,,"COLONIA","ZONA PLATEADA",,,,"42083","13","HIDALGO","048","Pachuca de Soto","0001","Pachuca de Soto                                                                                               ","0764","051","7715685366","ESTACIONREALDELAPLATA23@HOTMAIL.COM",,"Fijo","20.09904458","-98.78206926","2019-04"
"6874733","13051468411000243001000000U8","ESTACION REFORMA","ESTACION REFORMA","468411","Comercio al por menor de gasolina y diesel","11 a 30 personas","CARRETERA","PACHUCA-CIUDAD SAHAGUN","CARRETERA","NINGUNO","CALLE","INTERPARCELARIO","OTRO(ESPECIFIQUE)","NINGUNO","571",,,,,,"COLONIA","SAN ANTONIO ELDESMONTE",,,,"42111","13","HIDALGO","051","Mineral de la Reforma","0082","El Paraíso                                                                                                    ","0577","010",,"LUIS_KOHMI@PRODIGY.NET.MX",,"Fijo","20.05773996","-98.74265893","2019-04"
"6884571","13051468411000273000000000U5","ESTACION SANTA MARIA LA PROVIDENCIA S","ESTACION SANTA MARIA LA PROVIDENCIA","468411","Comercio al por menor de gasolina y diesel","11 a 30 personas","AVENIDA","BOULEVARD PROVIDENCIA","OTRO(ESPECIFIQUE)","PARCELA","CALLE","NINGUNO","OTRO(ESPECIFIQUE)","NINGUNO","254",,,,,,"COLONIA","SANTA RITA",,,,"42180","13","HIDALGO","051","Mineral de la Reforma","0027","La Providencia Siglo XXI                                                                                      ","0736","033",,"EST_PROVIDENCIA@HOTMAIL.COM",,"Fijo","20.07035001","-98.7153765","2019-04"
"1539442","13051468411000133000000000U1","ESTACION SERVI GARZA","SERVI GARZA UAEH","468411","Comercio al por menor de gasolina y diesel","11 a 30 personas","CARRETERA","PACHUCA A TULANCINGO","CALLE","NINGUNO","CALLE","NINGUNO","CALLE","REYNA DE LOS PROFETAS","443",,,,,,"COLONIA","CARBONERAS",,,,"42184","13","HIDALGO","051","Mineral de la Reforma","0108","Paseo de las Reynas                                                                                           ","1414","022","7712391479","ADMONSERVIGARZA@HOTMAIL.COM",,"Fijo","20.08646088","-98.71297338","2010-07"
"12273911","13083468411000103000000000U7","ESTACION SERVICIO TELLEZ","ESTACION SERVICIO TELLEZ","468411","Comercio al por menor de gasolina y diesel","11 a 30 personas","AVENIDA","SAN ALFONSO","CALLE","NINGUNO","OTRO(ESPECIFIQUE)","MANZANA O EDIFICACION CONTIGUA","CALLE","NINGUNO","2",,,,,,"COLONIA","JAGUEY DE TELLEZ",,,,"43845","13","HIDALGO","083","Zempoala","0102","Lindavista                                                                                                    ","0513","004",,"ESTCIONDESERVICIOTELLEZ@GMAIL.COM","SERVICIO-TELLEZ.COM","Fijo","20.01832105","-98.80768667","2026-04"
"1620830","13048468411000173000000000U3","ESTACION SUMIGAS","SUMIGAS","468411","Comercio al por menor de gasolina y diesel","11 a 30 personas","CALLE","MÉXICO-PACHUCA","CALLE","NINGUNO","CALLE","LAS PALMAS","CALLE","ANTONIO AVILA",,"SN",,,,,"COLONIA","SAN ANTONIO EL DESMONTE",,,,"42111","13","HIDALGO","048","Pachuca de Soto","0001","Pachuca de Soto                                                                                               ","0783","003",,"SUMIGAS@PRODIGY.NET.MX",,"Fijo","20.0419683","-98.79447764","2010-07"
"6857694","13048468411000483000000000U6","ESTACION VALLE DORADO","ESTACION VALLE DORADO","468411","Comercio al por menor de gasolina y diesel","11 a 30 personas","CALLE","NUEVO HIDALGO","CIRCUITO","JORGE ROJO LUGO","CALLE","VALLE ARBOLADO","PROLONGACION","DONACIANO SERNA LEAL","197",,,,,,"FRACCIONAMIENTO","VALLE DORADO",,,,"42083","13","HIDALGO","048","Pachuca de Soto","0001","Pachuca de Soto                                                                                               ","0622","045",,"VALLEDORADO9153@GMAIL.COM",,"Fijo","20.0627615","-98.77386299","2019-04"
"9232716","13048463214000411001000000U0","ESTROMBOLI ESTRENDIA","COMERCIALIZADORA JS BULOS","463214","Comercio al por menor de disfraces, vestimenta regional y vestidos de novia","11 a 30 personas","CALLE","VICENTE GUERRERO","CALLE","PLAZA JUAREZ","CALLE","VICENTE SALAZAR","CALLE","MARIANO MATAMOROS","725",,,,"1",,"COLONIA","CENTRO",,,,"42000","13","HIDALGO","048","Pachuca de Soto","0001","Pachuca de Soto                                                                                               ","0139","008",,"CJSBULOS@YAHOO.COM.MX",,"Fijo","20.12346136","-98.73592213","2020-04"
"9232712","13048463211012622001000000U4","ESTROMBOLI GALERIAS PACHUCA CASUAL","COMERCIALIZADORA JS BULOS","463211","Comercio al por menor de ropa, excepto de bebé y lencería","11 a 30 personas","BOULEVARD","FELIPE ANGELES","OTRO(ESPECIFIQUE)","CANAL","AVENIDA","CAMINO REAL DE LA PLATA","OTRO(ESPECIFIQUE)","NINGUNO","102",,,"17",,,"FRACCIONAMIENTO","ZONA PLATEADA","CENTRO Y PLAZA COMERCIAL","GALERIAS PACHUCA","204","42084","13","HIDALGO","048","Pachuca de Soto","0001","Pachuca de Soto                                                                                               ","1550","027",,"CJSBULOS@YAHOO.COM.MX",,"Fijo","20.09765521","-98.76700859","2026-04"
"9232714","13048463214000391001000000U4","ESTROMBOLI GALERIAS PACHUCA CEREMONIAS","COMERCIALIZADORA JS BULOS","463214","Comercio al por menor de disfraces, vestimenta regional y vestidos de novia","11 a 30 personas","BOULEVARD","FELIPE ANGELES","OTRO(ESPECIFIQUE)","CANAL","AVENIDA","CAMINO REAL DE LA PLATA","OTRO(ESPECIFIQUE)","NINGUNO","102",,"PLAZA GALERIAS PACHUCA","1","122","A","FRACCIONAMIENTO","ZONA PLATEADA","CENTRO Y PLAZA COMERCIAL","GALERIAS PACHUCA","122 A","42084","13","HIDALGO","048","Pachuca de Soto","0001","Pachuca de Soto                                                                                               ","1550","027",,,,"Fijo","20.09765521","-98.76700859","2020-04"
"9232717","13048463214000421001000000U9","ESTROMBOLI GRAN PATIO PACHUCA","COMERCIALIZADORA JS BULOS","463214","Comercio al por menor de disfraces, vestimenta regional y vestidos de novia","11 a 30 personas","BOULEVARD","LUIS DONALDO COLOSIO","BOULEVARD","REVOLUCION DE 1910","CALLE","NINGUNO","CALLE","NINGUNO",,"SN",,,,"S 22","ZONA COMERCIAL","GRAN PATIO",,,,"42064","13","HIDALGO","048","Pachuca de Soto","0001","Pachuca de Soto                                                                                               ","0779","021",,"CJSBULOS2021@GMAIL.COM",,"Fijo","20.09443357","-98.75740973","2020-04"
"8737412","13048467112000531000038512S7","EXPO AZULEJO","EXPO AZULEJO","467112","Comercio al por menor de pisos y recubrimientos cerámicos","11 a 30 personas","BOULEVARD","FELIPE ÁNGELES","CALLE","ANTIGUA CARRETERA MÉXICO A PACHUCA","CALLE","NINGUNO","BOULEVARD","FELIPE ÁNGELES","340",,,,,,"COLONIA","SANTA JULIA",,,,"42080","13","HIDALGO","048","Pachuca de Soto","0001","Pachuca de Soto                                                                                               ","0976","007",,"ERICK.TORRES@AZULEMEX.COM","WWW.AZULEMEX.COM","Fijo","20.10609026","-98.75784922","2019-11"
"6859382","13051468411000213000000000U1","EXPRESO GARAGE","EXPRESO GARAGE","468411","Comercio al por menor de gasolina y diesel","11 a 30 personas","BOULEVARD","PASEOS DE CHAVARRIA","CALLE","PASEO DE LA ESMERALDA","CALLE","A LOS CORRALES","CALLE","NINGUNO","1002",,,,,,"FRACCIONAMIENTO","PRIMERA",,,,"42186","13","HIDALGO","051","Mineral de la Reforma","0148","Paseos de Chavarría                                                                                           ","2291","001",,"EXPRESOGARAGE@HOTMAIL.COM",,"Fijo","20.04252311","-98.72770645","2019-04"
"9399554","13048463216000431001005861S3","FACTORY STORE PACHUCA","CLOE MODA","463216","Comercio al por menor de ropa de cuero y piel y de otros artículos de estos materiales","11 a 30 personas","CALLE","MÉXICO PACHUCA","CALLE","NINGUNO","BOULEVARD","LAS TORRES","OTRO(ESPECIFIQUE)","NINGUNO","6201",,,,,,"COLONIA","SAN ANTONIO ELDESMONTE","CENTRO Y PLAZA COMERCIAL","EXPLANADA PACHUCA","SN","42083","13","HIDALGO","048","Pachuca de Soto","0001","Pachuca de Soto                                                                                               ","285A","005","3332013297","JOSELUISH@OEMODA.COM",,"Fijo","20.03779094","-98.79688188","2023-11"
"1539181","13048464111001713000000000U5","FARMACIA CARDIMP",,"464111","Farmacias sin minisúper","11 a 30 personas","PROLONGACION","AVENIDA FRANCISCO I MADERO","PRIVADA","LOS ROSALES","CALLE","VIADUCTO JAVIER ROJO GOMEZ","CALLE","NINGUNO","98",,,,,,"COLONIA","CÉSPEDES REFORMA",,,,"42078","13","HIDALGO","048","Pachuca de Soto","0001","Pachuca de Soto                                                                                               ","100A","065",,"CARDIMP@HOTMAIL.COM",,"Fijo","20.11303608","-98.72349659","2010-07"
"10970104","13052464111000233000000000U7","FARMACIA CROZONE",,"464111","Farmacias sin minisúper","11 a 30 personas","AVENIDA","INDEPENDENCIA","CALLE","AMADO NERVO","CALLE","PEMEX ORIENTE","CALLE","FRANCISCO MARQUEZ",,"SN",,,,,"BARRIO","BARRIO HUIZACHE",,,,"42160","13","HIDALGO","052","San Agustín Tlaxiaca","0001","San Agustín Tlaxiaca                                                                                          ","0292","037",,,,"Fijo","20.11732485","-98.88602663","2024-11"
"9410497","13051464112000193001005590S3","FARMACIA GUADALAJARA","FARMACIA GUADALAJARA","464112","Farmacias con minisúper","31 a 50 personas","CALLE","PASEOS DE CHAVARRIA","OTRO(ESPECIFIQUE)","NINGUNO","OTRO(ESPECIFIQUE)","NINGUNO","OTRO(ESPECIFIQUE)","NINGUNO","108",,,,,,"COLONIA","PASEOS DE CHAVARRIA",,,,"42186","13","HIDALGO","051","Mineral de la Reforma","0148","Paseos de Chavarría                                                                                           ","2287","040",,"JESPINOZA@FRAGUA.COM.MX","WWW.FARMACIASGUADALAJARA.COM.MX","Fijo","20.04349384","-98.73130183","2023-11"
"9283174","13048464112000511001005590S2","FARMACIA GUADALAJARA","FARMACIA GUADALAJARA","464112","Farmacias con minisúper","11 a 30 personas","CALZADA","VERACRUZ","CALLE","YUCATAN","CALLE","PRIMERA DE MEXICO","CALLE","CHIHUAHUA",,"SN",,,,,"COLONIA","SAN BARTOLO",,,,"42039","13","HIDALGO","048","Pachuca de Soto","0001","Pachuca de Soto                                                                                               ","214A","022",,,,"Fijo","20.12876173","-98.7548834","2020-11"
"9404312","13048464112000533000005590S6","FARMACIA GUADALAJARA","FARMACIA GUADALAJARA","464112","Farmacias con minisúper","11 a 30 personas","BOULEVARD","JAVIER ROJO GÓMEZ","CALZADA","CUESCO","BOULEVARD","FELIPE ÁNGELES","PRIVADA","CONDE",,"SN",,,,,"COLONIA","EXHACIENDA DE COSCOTITLAN",,,,"42092","13","HIDALGO","048","Pachuca de Soto","0001","Pachuca de Soto                                                                                               ","0976","008",,"JESPINOZA@FRAGUA.COM.MX","WWW.FARMACIASGUADALAJARA.COM.MX","Fijo","20.10697219","-98.75549361","2023-11"
"6263095","13048464111001933002000000U9","FARMACIA HERSA","CORPORATIVO FARMACIAS MAS","464111","Farmacias sin minisúper","11 a 30 personas","AVENIDA","REVOLUCION","CALLE","SAMUEL CARRO","PRIVADA","NINGUNO","CALLE","GENERAL VICENTE SEGURA","403",,,,,,"COLONIA","REVOLUCIÓN",,,,"42060","13","HIDALGO","048","Pachuca de Soto","0001","Pachuca de Soto                                                                                               ","2417","014",,"FARMACIASMAS@GMAIL.COM",,"Fijo","20.11773166","-98.74057844","2010-07"
"1526505","13048464111001813002000000U3","FARMACIA LA CRUZ BLANCA","MYD","464111","Farmacias sin minisúper","11 a 30 personas","CALLE","MIGUEL HIDALGO Y COSTILLA","CALLE","MELCHOR OCAMPO","CALLE","PLAZA CONSTITUCION","CALLE","VIADUCTO NUEVO HIDALGO","102","C",,,,,"COLONIA","CENTRO",,,,"42000","13","HIDALGO","048","Pachuca de Soto","0001","Pachuca de Soto                                                                                               ","0815","020","7717152935","LA_CRUZ_BLANCA@HOTMAIL.COM",,"Fijo","20.12780937","-98.73084819","2010-07"
"9399092","13048464111004712001004146S4","FARMACIAS DE SIMILARES 13","FARMACIA DE SIMILARES","464111","Farmacias sin minisúper","11 a 30 personas","BOULEVARD","FELIPE ÁNGELES","BOULEVARD","FELIPE ÁNGELES","CALLE","NINGUNO","CALLE","ANTIGUA CARRETERA MÉXICO-PACHUCA","1970",,,,"1",,"FRACCIONAMIENTO","SAN MARINO",,,,"42000","13","HIDALGO","048","Pachuca de Soto","0001","Pachuca de Soto                                                                                               ","0976","007",,"REDESL@PORUNPAISMEJOR.COM.MX","WWW.FARMACIASDESIMILARES.COM.MX","Fijo","20.10310404","-98.76090675","2024-05"
"6321750","13051464111000471001004146S5","FARMACIAS DE SIMILARES MINERAL DE LA REFORMA 1 HGO","FARMACIA DE SIMILARES","464111","Farmacias sin minisúper","11 a 30 personas","AVENIDA","AVENIDA DEL ENCINO","CALLE","LIMA","CALLE","TAMARINDO","PRIVADA","PRIVADA DE LIMA","108",,,,,,"FRACCIONAMIENTO","CAMPESTRE VILLAS DEL ALAMO",,,,"42184","13","HIDALGO","051","Mineral de la Reforma","0093","Campestre Villas del Álamo                                                                                    ","1306","016",,"REDESL@PORUNPAISMEJOR.COM.MX","WWW.FARMACIASDESIMILARES.COM.MX","Fijo","20.09711668","-98.70415203","2014-12"
"6879507","13051464111000953002004146S2","FARMACIAS DE SIMILARES MINERAL DE LA REFORMA 2 HGO","FARMACIA DE SIMILARES","464111","Farmacias sin minisúper","11 a 30 personas","AVENIDA","MONTES URALES","AVENIDA","EL SAUCILLO","AVENIDA","1 DE MAYO","RETORNO","PIRUL","1000","1000 Y 1002",,,,,"FRACCIONAMIENTO","EL SAUCILLO 3A SECCION",,,,"42186","13","HIDALGO","051","Mineral de la Reforma","0139","El Saucillo Fraccionamiento                                                                                   ","2037","016",,"REDESL@PORUNPAISMEJOR.COM.MX","WWW.FARMACIASDESIMILARES.COM.MX","Fijo","20.06787272","-98.72779304","2019-04"
"6263100","13048464111001921001004146S4","FARMACIAS DE SIMILARES PACHUCA 10","FARMACIA DE SIMILARES","464111","Farmacias sin minisúper","11 a 30 personas","CALLE","JOSÉ MARÍA MORELOS Y PAVÓN","CALLE","PLAZA CONSTITUCIÓN","CALLE","MELCHOR OCAMPO","CALLE","MIGUEL HIDALGO Y COSTILLA","102",,,,,,"COLONIA","CENTRO",,,,"42000","13","HIDALGO","048","Pachuca de Soto","0001","Pachuca de Soto                                                                                               ","0868","026",,"REDESL@PORUNPAISMEJOR.COM.MX","WWW.FARMACIASDESIMILARES.COM.MX","Fijo","20.12791222","-98.73027802","2014-12"
"1522505","13051464111000531002004146S6","FARMACIAS DE SIMILARES PACHUCA 12","FARMACIA DE SIMILARES","464111","Farmacias sin minisúper","11 a 30 personas","CALLE","HEFESTOS","CALLE","18 DE MARZO","CALLE","NINGUNO","AVENIDA","PRIMERO DE MAYO","901",,,,"1",,"COLONIA","CERRO DE CUBITOS",,,,"42094","13","HIDALGO","051","Mineral de la Reforma","0014","El Saucillo                                                                                                   ","1151","022",,"REDESL@PORUNPAISMEJOR.COM.MX","WWW.FARMACIASDESIMILARES.COM.MX","Fijo","20.07902464","-98.73727232","2010-07"
"6336141","13048464111001844001004146S8","FARMACIAS DE SIMILARES PACHUCA 4","FARMACIA DE SIMILARES","464111","Farmacias sin minisúper","11 a 30 personas","PROLONGACION","AVENIDA FRANCISCO I MADERO","CALLE","DOCTOR FERNANDO ORTIZ CORTÉS","CALLE","IXMIQUILPAN","CALLE","DOCTOR ELÍSEO RAMÍREZ ULLOA","502","A",,,,,"COLONIA","DOCTORES",,,,"42090","13","HIDALGO","048","Pachuca de Soto","0001","Pachuca de Soto                                                                                               ","0228","022",,"REDESL@PORUNPAISMEJOR.COM.MX","WWW.FARMACIASDESIMILARES.COM.MX","Fijo","20.1165073","-98.72635918","2010-07"
"6784394","13048464111002991001004146S6","FARMACIAS DE SIMILARES PACHUCA 8","FARMACIA DE SIMILARES","464111","Farmacias sin minisúper","11 a 30 personas","AVENIDA","GUANAJUATO BOULEVARD DEL MINERO","CALLE","YUCATÁN","CALLE","GUADALAJARA","CALLE","MÉRIDA","704",,,,,,"COLONIA","VENUSTIANO CARRANZA",,,,"42030","13","HIDALGO","048","Pachuca de Soto","0001","Pachuca de Soto                                                                                               ","214A","017",,"REDESL@PORUNPAISMEJOR.COM.MX","WWW.FARMACIASDESIMILARES.COM.MX","Fijo","20.12499973","-98.7547733","2017-03"
"6867738","13048464111002981002004146S7","FARMACIAS DE SIMILARES PACHUCA 9","FARMACIA DE SIMILARES","464111","Farmacias sin minisúper","11 a 30 personas","AVENIDA","UNIVERSIDAD","CALLE","DOS CARLOS","CALLE","NINGUNO","CALLE","SAUCILLO","200",,,,,,"COLONIA","FELIPE DE ANGELES",,,,"42090","13","HIDALGO","048","Pachuca de Soto","0001","Pachuca de Soto                                                                                               ","100A","008",,"REDESL@PORUNPAISMEJOR.COM.MX","WWW.FARMACIASDESIMILARES.COM.MX","Fijo","20.11104888","-98.72669086","2019-04"
"6336218","13048464111001743000003287S2","FARMACIAS DEL AHORRO HGO PACD C DORIA","COMERCIALIZADORA FARMACEUTICA DE CHIAPAS","464111","Farmacias sin minisúper","11 a 30 personas","CALLE","ALFONSO CORONA DEL ROSAL","ANDADOR","2","BOULEVARD","FELIPE ÁNGELES","ANDADOR","1","100",,,,,,"COLONIA","JUAN C. DORIA",,,,"42083","13","HIDALGO","048","Pachuca de Soto","0001","Pachuca de Soto                                                                                               ","0622","011",,"CLIENTES@FAHORRO.COM.MX","WWW.FAHORRO.COM","Fijo","20.0691511","-98.77936766","2010-07"
"6880798","13051464111000942001003287S5","FARMACIAS DEL AHORRO HGO PACH CHACON","COMERCIALIZADORA FARMACEUTICA DE CHIAPAS","464111","Farmacias sin minisúper","11 a 30 personas","BOULEVARD","LUIS DONALDO COLOSIO","CALLE","PASEO DEL ESTUDIANTE","CARRETERA","PACHUCA SAHAGÚN","CALLE","NINGUNO","2631",,,,,,"COLONIA","EL CHACÓN",,,,"42186","13","HIDALGO","051","Mineral de la Reforma","0014","El Saucillo                                                                                                   ","1147","012",,"CLIENTES@FAHORRO.COM.MX","WWW.FAHORRO.COM","Fijo","20.086457","-98.7424508","2019-04"
"1623822","13048464111002132001003287S7","FARMACIAS DEL AHORRO HGO PACL COLOSIO","COMERCIALIZADORA FARMACEUTICA DE CHIAPAS","464111","Farmacias sin minisúper","11 a 30 personas","BOULEVARD","LUIS DONALDO COLOSIO","AVENIDA","FERROCARRIL CENTRAL","CALLE","EX HACIENDA DE GAVIA","AVENIDA","AVENIDA DEL REMATE","1902",,,,,,"COLONIA","AMPLIACIÓN SANTA JULIA",,,,"42080","13","HIDALGO","048","Pachuca de Soto","0001","Pachuca de Soto                                                                                               ","0389","048",,"CLIENTES@FAHORRO.COM.MX","WWW.FAHORRO.COM","Fijo","20.10324173","-98.76616207","2010-07"
"6336315","13048464111001763000003287S0","FARMACIAS DEL AHORRO HGO PACO PLAZA CONSTITUCION","COMERCIALIZADORA FARMACEUTICA DE CHIAPAS","464111","Farmacias sin minisúper","11 a 30 personas","AVENIDA","CONSTITUCION","CALLE","MIGUEL RAMOS ARIZPE","CALLE","GUADALUPE VICTORIA","CALLE","VIADUCTO NUEVO HIDALGO","100",,,,,,"COLONIA","CENTRO",,,,"42000","13","HIDALGO","048","Pachuca de Soto","0001","Pachuca de Soto                                                                                               ","0143","011",,"CLIENTES@FAHORRO.COM.MX","WWW.FAHORRO.COM","Fijo","20.12447008","-98.73308443","2014-12"
"6336107","13048464111001733000003287S3","FARMACIAS DEL AHORRO HGO PAHA HACIENDA LORETO","COMERCIALIZADORA FARMACEUTICA DE CHIAPAS","464111","Farmacias sin minisúper","11 a 30 personas","CALLE","RÍO DE LAS AVENIDAS","CALLE","ADRIÁN GUERRERO DÍAZ","CALLE","UNIDAD TRES","CALLE","NINGUNO","314",,,,,,"COLONIA","PERIODISTAS",,,,"42060","13","HIDALGO","048","Pachuca de Soto","0001","Pachuca de Soto                                                                                               ","2417","021",,"CLIENTES@FAHORRO.COM.MX","WWW.FAHORRO.COM","Fijo","20.11552365","-98.73897977","2010-07"
"6336108","13048464111001753000003287S1","FARMACIAS DEL AHORRO HGO PAHO HOSPITALES","COMERCIALIZADORA FARMACEUTICA DE CHIAPAS","464111","Farmacias sin minisúper","11 a 30 personas","CARRETERA","TULANCINGO","AVENIDA","BARTOLOMÉ DE MEDINA","AVENIDA","UNIVERSIDAD","PRIVADA","SAN PEDRO","201",,,,,,"COLONIA","CANUTILLO",,,,"42070","13","HIDALGO","048","Pachuca de Soto","0001","Pachuca de Soto                                                                                               ","0355","003",,"CLIENTES@FAHORRO.COM.MX","WWW.FAHORRO.COM","Fijo","20.11097789","-98.72236649","2010-07"
"9392662","13048464111004631001003287S6","FARMACIAS DEL AHORRO HGO PAIN INSURGENTES","COMERCIALIZADORA FARMACEUTICA DE CHIAPAS","464111","Farmacias sin minisúper","11 a 30 personas","AVENIDA","REVOLUCIÓN","CALLE","COLONIAL 1","CALLE","COLONIAL 2","CALLE","GENERAL VICENTE SEGURA","1316",,,,,,"COLONIA","COLONIAL",,,,"42064","13","HIDALGO","048","Pachuca de Soto","0001","Pachuca de Soto                                                                                               ","2417","003",,"CLIENTES@FAHORRO.COM.MX","WWW.FAHORRO.COM","Fijo","20.11571106","-98.74581347","2024-05"
"6335437","13048464111001783000003287S8","FARMACIAS DEL AHORRO HGO PAJU JUAREZ","COMERCIALIZADORA FARMACEUTICA DE CHIAPAS","464111","Farmacias sin minisúper","11 a 30 personas","AVENIDA","JUÁREZ","AVENIDA","16 DE ENERO DE 1869","CALLE","FRANCISCO GONZÁLEZ BOCANEGRA","CALLE","GENERAL VICENTE SEGURA","901","B",,,,,"COLONIA","REVOLUCIÓN",,,,"42060","13","HIDALGO","048","Pachuca de Soto","0001","Pachuca de Soto                                                                                               ","2402","013",,"CLIENTES@FAHORRO.COM.MX","WWW.FAHORRO.COM","Fijo","20.11824349","-98.74350577","2010-07"
"9432822","13051464111001622001003287S2","FARMACIAS DEL AHORRO HGO PAP2 PACHUQUILLA II","COMERCIALIZADORA FARMACEUTICA DE CHIAPAS","464111","Farmacias sin minisúper","11 a 30 personas","CARRETERA","PACHUCA-TULANCINGO","CALLE","NINGUNO","CALLE","HORACIO BAÑOS GONZALEZ","CALLE","NINGUNO","1662",,,,,,"COLONIA","ABUNDIO MARTINEZ",,,,"42184","13","HIDALGO","051","Mineral de la Reforma","0060","Abundio Martínez                                                                                              ","1236","002",,"CLIENTES@FAHORRO.COM.MX","WWW.FAHORRO.COM","Fijo","20.09389024","-98.71472264","2024-05"
"6336518","13048464111001823000003287S2","FARMACIAS DEL AHORRO HGO PAPA EL PALMAR","COMERCIALIZADORA FARMACEUTICA DE CHIAPAS","464111","Farmacias sin minisúper","11 a 30 personas","AVENIDA","FEDERALISMO","BOULEVARD","RAMÓN G BONFIL","CIRCUITO","GOBERNADORES","CALLE","AZOYATLA","1500",,,,,,"COLONIA","PARQUE DE POBLAMIENTO",,,,"42032","13","HIDALGO","048","Pachuca de Soto","0001","Pachuca de Soto                                                                                               ","1137","001",,"CLIENTES@FAHORRO.COM.MX","WWW.FAHORRO.COM","Fijo","20.11369932","-98.77022941","2011-03"
"9411050","13048464111004763000003287S7","FARMACIAS DEL AHORRO HGO PAPI PITAHAYAS","COMERCIALIZADORA FARMACEUTICA DE CHIAPAS","464111","Farmacias sin minisúper","11 a 30 personas","BOULEVARD","COLONIAS-SANTA CATARINA","BOULEVARD","FELIPE ÁNGELES","CALLE","NINGUNO","CIRCUITO","IMPULSOR SECTOR PRIMARIO","103",,,,,,"FRACCION","FRACCION II DE LA FRACCION DEL LOTE 1 PITAHAYAS",,,,"42082","13","HIDALGO","048","Pachuca de Soto","0001","Pachuca de Soto                                                                                               ","0586","044",,"CLIENTES@FAHORRO.COM.MX","WWW.FAHORRO.COM","Fijo","20.0621147","-98.78747799","2024-05"
"6775119","13048464111003061001003287S7","FARMACIAS DEL AHORRO HGO PARJ RELOJ","COMERCIALIZADORA FARMACEUTICA DE CHIAPAS","464111","Farmacias sin minisúper","11 a 30 personas","CALLE","JUAN IGNACIO","CALLE","VICENTE GUERRERO","CALLE","PLAZA DE LA INDEPENDENCIA","CALLE","GUADALUPE VICTORIA","300",,,,,,"COLONIA","CENTRO",,,,"42000","13","HIDALGO","048","Pachuca de Soto","0001","Pachuca de Soto                                                                                               ","0143","027",,"CLIENTES@FAHORRO.COM.MX","WWW.FAHORRO.COM","Fijo","20.12742047","-98.73237752","2017-03"
"9393865","13048464111004773000003287S6","FARMACIAS DEL AHORRO HGO PARP PASEO DEL ROBLE","COMERCIALIZADORA FARMACEUTICA DE CHIAPAS","464111","Farmacias sin minisúper","11 a 30 personas","BOULEVARD","LUIS DONALDO COLOSIO","CALLE","PASEO DEL ROBLE","CERRADA","CERRADA DEL CHOPO","PRIVADA","PRIVADA DE LOS AHUEHUETES","5201","LC-01",,,"11","M","COLONIA","ARBOLEDAS DE SAN JAVIER",,,,"42084","13","HIDALGO","048","Pachuca de Soto","0001","Pachuca de Soto                                                                                               ","0764","023",,"CLIENTES@FAHORRO.COM.MX","WWW.FAHORRO.COM","Fijo","20.10948792","-98.77331291","2024-05"
"6775039","13048464111003051001003287S8","FARMACIAS DEL AHORRO HGO PASA SAN JAVIER","COMERCIALIZADORA FARMACEUTICA DE CHIAPAS","464111","Farmacias sin minisúper","11 a 30 personas","CALZADA","VALLE DE TULANCINGO","CALLE","VALLE DE GUADIANA","BOULEVARD","LUIS DONALDO COLOSIO","CALLE","VALLE CHICO",,"SN",,,,,"COLONIA","VALLE DE SAN JAVIER",,,,"42070","13","HIDALGO","048","Pachuca de Soto","0001","Pachuca de Soto                                                                                               ","2351","034",,"CLIENTES@FAHORRO.COM.MX","WWW.FAHORRO.COM","Fijo","20.09133019","-98.75235457","2017-03"
"6336517","13048464111001622000003287S8","FARMACIAS DEL AHORRO HGO PASC CONSTITUYENTES","COMERCIALIZADORA FARMACEUTICA DE CHIAPAS","464111","Farmacias sin minisúper","11 a 30 personas","AVENIDA","CONSTITUYENTES","CIRCUITO","PLAN DE AYALA","CIRCUITO","PLAN DE SAN LUIS","CALLE","PLAN DE AYUTLA","250",,,,,,"COLONIA","CONSTITUCIÓN",,,,"42080","13","HIDALGO","048","Pachuca de Soto","0001","Pachuca de Soto                                                                                               ","0177","003",,"CIENTES@FAHORRO.COMMX","WWW.FAHORRO.COM","Fijo","20.11612142","-98.75118037","2011-03"
"6879899","13051464111000932001003287S6","FARMACIAS DEL AHORRO HGO PAUN UNIVERSIDAD","COMERCIALIZADORA FARMACEUTICA DE CHIAPAS","464111","Farmacias sin minisúper","11 a 30 personas","CARRETERA","PACHUCA-TULANCINGO","CALLE","PINO","AVENIDA","ÁLAMO DORADO","OTRO(ESPECIFIQUE)","NINGUNO","3",,,,,,"COLONIA","ÁLAMO RÚSTICO",,,,"42184","13","HIDALGO","051","Mineral de la Reforma","0020","Álamo Rustico                                                                                                 ","1170","012",,"CLIENTES@FAHORRO.COM.MX","WWW.FAHORRO.COM","Fijo","20.0971055","-98.71544207","2019-04"
"9452947","13048464111004783000003287S5","FARMACIAS DEL AHORRO HGO PAZP ZONA PLATEADA II","COMERCIALIZADORA FARMACEUTICA DE CHIAPAS","464111","Farmacias sin minisúper","11 a 30 personas","AVENIDA","CAMINO REAL DE LA PLATA","OTRO(ESPECIFIQUE)","MANZANA O EDIFICACIÓN CONTIGUA","AVENIDA","FERROCARRIL CENTRAL","CALLE","NINGUNO","106","LC-2",,,,,"COLONIA","ZONA PLATEADA",,,,"42084","13","HIDALGO","048","Pachuca de Soto","0001","Pachuca de Soto                                                                                               ","1550","032",,"CLIENTES@FAHORRO.COM.MX","WWW.FAHORRO.COM","Fijo","20.09782506","-98.77211794","2024-05"
"6336155","13048464112000143000005590S4","FARMACIAS GUADALAJARA","FARMACIA GUADALAJARA","464112","Farmacias con minisúper","11 a 30 personas","AVENIDA","FRANCISCO I MADERO","CALLE","ZAMORA","CALLE","GRANADA","CALLE","VALLADOLID","801",,,,,,"COLONIA","EXHACIENDA DE GUADALUPE",,,,"42050","13","HIDALGO","048","Pachuca de Soto","0001","Pachuca de Soto                                                                                               ","0213","007","3318400745","JESPINOZA@FRAGUA.COM.MX","WWW.FARMACIASGUADALAJARA.COM.MX","Fijo","20.11813718","-98.73173618","2010-07"
"6336156","13051464112000033000005590S1","FARMACIAS GUADALAJARA","FARMACIA GUADALAJARA","464112","Farmacias con minisúper","11 a 30 personas","BOULEVARD","PACHUCA-TULANCINGO","ANDADOR","ANDADOR DEL MORRAL","CALLE","GENERAL PORFIRIO DÍAZ","OTRO(ESPECIFIQUE)","NINGUNO","200",,,,,,"COLONIA","FELIPE ANGELES",,,,"42090","13","HIDALGO","051","Mineral de la Reforma","0147","Unidad Minera 11 de Julio                                                                                     ","1630","037","3318400745","JESPINOZA@FRAGUA.COM.MX","WWW.FARMACIASGUADALAJARA.COM.MX","Fijo","20.11041032","-98.72243862","2010-07"
"6336159","13051464112000023001005590S2","FARMACIAS GUADALAJARA","FARMACIA GUADALAJARA","464112","Farmacias con minisúper","31 a 50 personas","AVENIDA","AVENIDA DE LOS ÁRBOLES","BOULEVARD","NAUCALPAN A CUAJIMALPA","CALLE","NINGUNO","AVENIDA","CUAJIMALPA A PALO SOLO","116",,,,,,"COLONIA","FORJADORES DE PACHUCA",,,,"42083","13","HIDALGO","051","Mineral de la Reforma","0099","Forjadores de Pachuca                                                                                         ","172A","049","3318400745","JESPINOZA@FRAGUA.COM.MX","WWW.FARMACIASGUADALAJARA.COM.MX","Fijo","20.058978","-98.76419876","2014-12"
"9323427","13048464112000493000005590S3","FARMACIAS GUADALAJARA","FARMACIA GUADALAJARA","464112","Farmacias con minisúper","11 a 30 personas","CALLE","5 DE MAYO","CALLE","FUNDADORES","AVENIDA","JAVIER ROJO GÓMEZ","CALLE","MIGUEL HIDALGO Y COSTILLA","203","A",,,,,"COLONIA","SANTA JULIA",,,,"42080","13","HIDALGO","048","Pachuca de Soto","0001","Pachuca de Soto                                                                                               ","0976","022","3318400745","JESPINOZA@FRAGUA.COM.MX","WWW.FARMACIASGUADALAJARA.COM.MX","Fijo","20.11333657","-98.75286082","2020-11"
"6336160","13048464112000153000005590S3","FARMACIAS GUADALAJARA","FARMACIA GUADALAJARA","464112","Farmacias con minisúper","11 a 30 personas","AVENIDA","NUEVO PACHUCA","BOULEVARD","FELIPE ANGELES","CALLE","CUBA","CALLE","LAS PRISMAS","102",,,,,,"COLONIA","LAS COLONIAS",,,,"42083","13","HIDALGO","048","Pachuca de Soto","0001","Pachuca de Soto                                                                                               ","0622","006","3318400745","JESPINOZA@FRAGUA.COM.MX","WWW.FARMACIASGUADALAJARA.COM.MX","Fijo","20.06466839","-98.78125041","2010-07"
"8976247","13048464112000463000005590S6","FARMACIAS GUADALAJARA","FARMACIA GUADALAJARA","464112","Farmacias con minisúper","11 a 30 personas","AVENIDA","FRANCISCO I MADERO","CALLE","GENERAL VICENTE SEGURA","AVENIDA","REVOLUCIÓN","CALLE","GENERAL DANIEL CERECEDO ESTRADA","208",,,,,,"COLONIA","REVOLUCION",,,,"42060","13","HIDALGO","048","Pachuca de Soto","0001","Pachuca de Soto                                                                                               ","0196","011","3318400745","JESPINOZA@FRAGUA.COM.MX","WWW.FARMACIASGUADALAJARA.COM.MX","Fijo","20.12156841","-98.73684693","2019-11"
"8976255","13051464112000163001005590S6","FARMACIAS GUADALAJARA","FARMACIA GUADALAJARA","464112","Farmacias con minisúper","31 a 50 personas","CARRETERA","PACHUCA A TULANCINGO","CALLE","BETUNIAS","PRIVADA","NINGUNO","AVENIDA","AVENIDA DEL ORO","351",,,,,,"COLONIA","TAXISTAS",,,,"42184","13","HIDALGO","051","Mineral de la Reforma","0140","Taxistas                                                                                                      ","1594","002","3318400745","JESPINOZA@FRAGUA.COM.MX","WWW.FARMACIASGUADALAJARA.COM.MX","Fijo","20.09055804","-98.71397475","2019-11"
"6336161","13048464112000173001005590S1","FARMACIAS GUADALAJARA","FARMACIA GUADALAJARA","464112","Farmacias con minisúper","31 a 50 personas","CALLE","IGNACÍO JOSÉ DE ALLENDE","CALLE","JULIÁN VILLAGRÁN","CALLE","NICOLÁS BRAVO RUEDA","CALLE","VICENTE GUERRERO",,"SN",,,,,"COLONIA","CENTRO",,,,"42000","13","HIDALGO","048","Pachuca de Soto","0001","Pachuca de Soto                                                                                               ","0815","012","3318400745","JESPINOZA@FRAGUA.COM.MX","WWW.FARMACIASGUADALAJARA.COM.MX","Fijo","20.12867633","-98.73173471","2010-07"
"6336525","13051464112000043000005590S0","FARMACIAS GUADALAJARA","FARMACIA GUADALAJARA","464112","Farmacias con minisúper","11 a 30 personas","AVENIDA","SANTA CECILIA","CALLE","SANTA INÉS","CALLE","SANTA CLARA","CALLE","SAN MIGUEL","91",,,,,,"COLONIA","LA PROVIDENCIA",,,,"42186","13","HIDALGO","051","Mineral de la Reforma","0027","La Providencia Siglo XXI                                                                                      ","0721","007","3318400745","JESPINOZA@FRAGUA.COM.MX","WWW.FARMACIASGUADALAJARA.COM.MX","Fijo","20.06386075","-98.71755932","2011-03"
"6782149","13048464112000343001005590S0","FARMACIAS GUADALAJARA","FARMACIA GUADALAJARA","464112","Farmacias con minisúper","31 a 50 personas","BOULEVARD","LUIS DONALDO COLOSIO","AVENIDA","GABRIEL MANCERA","CALLE","OBSIDIANA","PRIVADA","LOS ÁNGELES",,"SN",,,,,"COLONIA","FRACC COLOSIO I",,,,"42080","13","HIDALGO","048","Pachuca de Soto","0001","Pachuca de Soto                                                                                               ","1936","029","3318400745","JESPINOZA@FRAGUA.COM.MX","WWW.FARMACIASGUADALAJARA.COM.MX","Fijo","20.11861508","-98.78296824","2017-03"
"6780872","13048464112000332002005590S3","FARMACIAS GUADALAJARA","FARMACIA GUADALAJARA","464112","Farmacias con minisúper","31 a 50 personas","AVENIDA","CAMINO REAL DE LA PLATA","PRIVADA","NINGUNO","PRIVADA","NINGUNO","CALLE","RÍO JORDÁN",,"SN",,,,"LOTE 11 MA","COLONIA","ZONA PLATEADA",,,,"42083","13","HIDALGO","048","Pachuca de Soto","0001","Pachuca de Soto                                                                                               ","0764","045","3318400745","JESPINOZA@FRAGUA.COM.MX","WWW.FARMACIASGUADALAJARA.COM.MX","Fijo","20.09682989","-98.77419976","2017-03"
"9313606","13048464111004581011005590S3","FARMACIAS GUADALAJARA","FARMACIA GUADALAJARA","464112","Farmacias con minisúper","11 a 30 personas","BOULEVARD","RAMÓN G BONFIL (AVENIDA DEL PALMAR) (RIO DE LAS AVENIDAS)","CALLE","PUERTO PAPANTLA","CALLE","NINGUNO","CALLE","NINGUNO","1303",,,,,,"COLONIA","EL PALMAR I",,,,"42088","13","HIDALGO","048","Pachuca de Soto","0001","Pachuca de Soto                                                                                               ","1052","017",,"JESPINOZA@FRAGUA.COM.MX","WWW.FARMACIASGUADALAJARA.COM.MX","Fijo","20.11308498","-98.77305347","2020-11"
"9331480","13083464112000033001005590S4","FARMACIAS GUADALAJARA","FARMACIA GUADALAJARA","464112","Farmacias con minisúper","31 a 50 personas","CALLE","NINGUNO","OTRO(ESPECIFIQUE)","NINGUNO","OTRO(ESPECIFIQUE)","NINGUNO","OTRO(ESPECIFIQUE)","NINGUNO","14","A",,,,,"COLONIA","JAGUEY DE TELLEZ",,,,"43840","13","HIDALGO","083","Zempoala","0102","Lindavista                                                                                                    ","0176","041","3318400745","JESPINOZA@FRAGUA.COM.MX","WWW.FARMACIASGUADALAJARA.COM.MX","Fijo","20.02712509","-98.78676859","2020-11"
"9331479","13053464112000023000005590S8","FARMACIAS GUADALAJARA","FARMACIA GUADALAJARA","464112","Farmacias con minisúper","11 a 30 personas","CALZADA","VERACRUZ","CALLE","YUCATÁN","CALLE","PRIMERA DE MÉXICO","CALLE","CHIHUAHUA","1200",,,,,,"COLONIA","SAN BARTOLO",,,,"42039","13","HIDALGO","048","Pachuca de Soto","0001","Pachuca de Soto                                                                                               ","214A","022","3318400745","JESPINOZA@FRAGUA.COM.MX","WWW.FARMACIASGUADALAJARA.COM.MX","Fijo","20.12874228","-98.75480065","2020-11"
"6335551","13048464112000223000005590S4","FARMACIAS GUADALAJARA","FARMACIA GUADALAJARA","464112","Farmacias con minisúper","11 a 30 personas","BOULEVARD","COLONIAS-SANTA CATARINA","CALLE","NINGUNO","BOULEVARD","RAMÓN G BONFIL","CALLE","NINGUNO","1005",,,,,"LOCALES 10","COLONIA","VENTA PRIETA",,,,"42080","13","HIDALGO","048","Pachuca de Soto","0001","Pachuca de Soto                                                                                               ","1512","010","3318400745","JESPINOZA@FRAGUA.COM.MX","WWW.FARMACIASGUADALAJARA.COM.MX","Fijo","20.07288224","-98.79247018","2014-12"
"6335118","13051464112000063000005590S8","FARMACIAS GUADALAJARA","FARMACIA GUADALAJARA","464112","Farmacias con minisúper","11 a 30 personas","AVENIDA","AVENIDA DEL ENCINO","CALLE","AHUEHUETE","AVENIDA","AVENIDA DE LAS CASUARINAS","PRIVADA","5 CASUARINAS","1700",,,,,,"COLONIA","VILLAS DEL ALAMO",,,,"42184","13","HIDALGO","051","Mineral de la Reforma","0093","Campestre Villas del Álamo                                                                                    ","1293","034","3318400745","JESPINOZA@FRAGUA.COM.MX","WWW.FARMACIASGUADALAJARA.COM.MX","Fijo","20.10029142","-98.70970533","2014-12"
"8967203","13048464112000473001005590S5","FARMACIAS GUADALAJARA","FARMACIA GUADALAJARA","464112","Farmacias con minisúper","31 a 50 personas","CALLE","FERNÁNDEZ DE LIZARDI","CALLE","NORTE 3","CALLE","NORTE 1","CERRADA","PIRULES","801",,,,,,"COLONIA","SAN ANTONIO BUENOS AIRES",,,,"42070","13","HIDALGO","048","Pachuca de Soto","0001","Pachuca de Soto                                                                                               ","1531","024","3318400745","JESPINOZA@FRAGUA.COM.MX","WWW.FARMACIASGUADALAJARA.COM.MX","Fijo","20.11708458","-98.72081612","2019-11"
"6336157","13048464112000183001005590S0","FARMACIAS GUADALAJARA","FARMACIA GUADALAJARA","464112","Farmacias con minisúper","31 a 50 personas","AVENIDA","GUANAJUATO BOULEVARD DEL MINERO","CALLE","CALLE 1","AVENIDA","OAXACA","PROLONGACION","REFORMA AGRARIA",,"SN",,,,,"COLONIA","JAVIER ROJO GOMEZ",,,,"42030","13","HIDALGO","048","Pachuca de Soto","0001","Pachuca de Soto                                                                                               ","0938","034","3318400745","JESPINOZA@FRAGUA.COM.MX","WWW.FARMACIASGUADALAJARA.COM.MX","Fijo","20.12458087","-98.7589974","2010-07"
"6336158","13048464112000163000005590S2","FARMACIAS GUADALAJARA","FARMACIA GUADALAJARA","464112","Farmacias con minisúper","11 a 30 personas","CALLE","MARIANO MATAMOROS","CALLE","LEANDRO VALLE","CALLE","FRANCISCO JAVIER MINA","CALLE","VIADUCTO NUEVO HIDALGO",,"SN",,,,,"COLONIA","CENTRO",,,,"42000","13","HIDALGO","048","Pachuca de Soto","0001","Pachuca de Soto                                                                                               ","0143","013","3318400745","JESPINOZA@FRAGUA.COM.MX","WWW.FARMACIASGUADALAJARA.COM.MX","Fijo","20.1261365","-98.73191214","2010-07"
"12329320","13048464112000693000005590S8","FARMACIAS GUADALAJARA LOMAS RESIDENCIAL","FARMACIA GUADALAJARA","464112","Farmacias con minisúper","31 a 50 personas","BOULEVARD","EVERARDO MÁRQUEZ","CARRETERA","LOMA DE LOS MEXICAS","BOULEVARD","JAVIER ROJO GÓMEZ","CARRETERA","RÍO AMAJAC","502",,,,,,"COLONIA","LOMAS RESIDENCIAL PACHUCA",,,,"42094","13","HIDALGO","048","Pachuca de Soto","0001","Pachuca de Soto                                                                                               ","0980","036",,"AARVIZU@FRAGUA.COM.MX","WWW.FARMACIASGUADALAJARA.COM.MX","Fijo","20.10733913","-98.74714122","2026-04"
"12329377","13048464112000683000005590S9","FARMACIAS GUADALAJARA RIO DE LAS AVENIDAS","FARMACIA GUADALAJARA","464112","Farmacias con minisúper","31 a 50 personas","CALLE","VIADUCTO RÍO DE LAS AVENIDAS","CALLE","15 DE SEPTIEMBRE DE 1810","CALLE","18 DE JULIO DE 1872","CALLE","GENERAL FELIPE ÁNGELES","404",,,,,,"COLONIA","PERIODISTAS",,,,"42060","13","HIDALGO","048","Pachuca de Soto","0001","Pachuca de Soto                                                                                               ","0209","001",,"AARVIZU@FRAGUA.COM.MX","WWW.FARMACIASGUADALAJARA.COM.MX","Fijo","20.11726471","-98.73606939","2026-04"
"12329185","13051464112000243000005590S6","FARMACIAS GUADALAJARA SUC 2948","FARMACIA GUADALAJARA","464112","Farmacias con minisúper","11 a 30 personas","CALLE","LUIS DONALDO COLOSIO","CALLE","SEGUNDA DEL ACERO","CALLE","LAS PALMAS","CALLE","NINGUNO","1691",,,,,,"COLONIA","LAS PALOMAS",,,,"42186","13","HIDALGO","051","Mineral de la Reforma","0063","Colinas de Plata                                                                                              ","126A","027",,"JESPINOZA@FRAGUA.COM.MX","WWW.FARMACIASGUADALAJARA.COM.MX","Fijo","20.08361733","-98.72517653","2026-04"
"9465706","13048464111004752001021843S0","FARMALIVE CORPORATIVO","FARMALIVE","464111","Farmacias sin minisúper","31 a 50 personas","AVENIDA","CAMINO REAL DE LA PLATA","CALLE","NINGUNO","CALLE","NINGUNO","AVENIDA","CAMINO REAL DE LA PLATA","110",,,"23",,,"COLONIA","ZONA PLATEADA","EDIFICIO COMERCIAL Y DE SERVICIOS","TORRE PRISMA","PISO 7","42083","13","HIDALGO","048","Pachuca de Soto","0001","Pachuca de Soto                                                                                               ","1550","023","5559038173","ANGELICAPEREZ@FARMALIVE.COM.MX","WWW.FARMALIVE.COM.MX","Fijo","20.09775267","-98.77187056","2023-11"
"9036961","13048464113001791011021843M7","FARMALIVE LA HERRADURA MATRIZ","FARMALIVE","464111","Farmacias sin minisúper","11 a 30 personas","BOULEVARD","COLONIAS-SANTA CATARINA","CALLE","Ninguno","BOULEVARD","Real de Zimapán Norte","CALLE","Hacienda Montserrat","154",,,,,,"FRACCIONAMIENTO","HACIENDA DE LA HERRADURA",,,,"42082","13","HIDALGO","048","Pachuca de Soto","0001","Pachuca de Soto                                                                                               ","1527","035",,"ATENCIONACLIENTES@FARMALIVE.COM.MX","WWW.FARMALIVE.COM.MX","Fijo","20.06332006","-98.78836916","2019-11"
"9607226","13051467111002713000000000U5","FERRETERIA DIFALT","DIFALT","467111","Comercio al por menor en ferreterías y tlapalerías","11 a 30 personas","CARRETERA","PACHUCA TULANCINGO","CALLE","NINGUNO","CALLE","LAURO URANGA","BOULEVARD","LUIS DONALDO COLOSIO (CARRETERA LIBRAMIENTO A TAMPICO)",,"SN",,,,,"COLONIA","ABUNDIO MARTINEZ",,,,"42184","13","HIDALGO","051","Mineral de la Reforma","0060","Abundio Martínez                                                                                              ","1236","007",,,,"Fijo","20.10156697","-98.71850229","2024-11"
"10711878","13051467111002313000000000U4","FERRETERIA TRUPER","CORPORACION ECONOMICA GRUPO ARSEN","467111","Comercio al por menor en ferreterías y tlapalerías","11 a 30 personas","AVENIDA","AVENIDA DE LOS ARBOLES","AVENIDA","MAGISTERIO","CALLE","TULIA","AVENIDA","MAGISTERIO",,"SN",,,,,"FRACCIONAMIENTO","LOS PINOS",,,,"42185","13","HIDALGO","051","Mineral de la Reforma","0110","Los Pinos                                                                                                     ","1749","007","7714884930","GERENCIA_FIXTULIPANES@CORPORATIVOARSE.COM",,"Fijo","20.06098686","-98.77348361","2024-11"
"8543828","13048467111003563000054495M9","FIERROS Y LAMINAS DE PACHUCA MATRIZ","FIERROS Y LAMINAS DE PACHUCA","467111","Comercio al por menor en ferreterías y tlapalerías","11 a 30 personas","CALLE","ANTIGUA CARRETERA MÉXICO-PACHUCA","CALLE","CANAL","CALLE","PIRUL","CALLE","CANAL",,"KM 90",,,,,"AMPLIACION","AMPLIACIÓN SANTA JULIA",,,,"42080","13","HIDALGO","048","Pachuca de Soto","0001","Pachuca de Soto                                                                                               ","0976","020","7717146000","VICTORLUQ@HOTMAIL.COM","WWW.FIERROSYLAMINASDEPACHUCA.COM","Fijo","20.10279917","-98.76152658","2019-11"
"9456694","13048467111004632001003745S1","FIX PACHUCA","FERREPRECIOS","467111","Comercio al por menor en ferreterías y tlapalerías","11 a 30 personas","CARRETERA","MEXICO PACHUCA","PRIVADA","RANCHO WILFRIDO","AVENIDA","DE LOS GURRIONES","CALLE","CAPRICORNIO","1007",,,,,,"COLONIA","SAN ANTONIO EL DESMONTE",,,,"42808","13","HIDALGO","048","Pachuca de Soto","0001","Pachuca de Soto                                                                                               ","2173","027",,"FERREPRECIOS@GRUPOROMA.COM","WWW.GRUPOROMA.COM","Fijo","20.04601929","-98.79154594","2023-11"
"7869538","13048466312002401101000000U8","FLORERIA MAYRA","GRUPO COMERCIAL GADARAY Y AIPAT","466312","Comercio al por menor de plantas y flores naturales","11 a 30 personas","AVENIDA","CAMINO REAL DE LA PLATA","AVENIDA","CAMINO REAL DE LA PLATA","BOULEVARD","RAMON G BONFIL","CALLE","MINA PROVIDENCIA",,"SN",,,"8",,"COLONIA","ZONA PLATEADA",,,,"42084","13","HIDALGO","048","Pachuca de Soto","0001","Pachuca de Soto                                                                                               ","0764","051",,"MAYRATAPIA@COORPORATIVOMAYRA.COM","WWW.CORPORATIVOMAYRA.COM","Fijo","20.09904309","-98.78207029","2019-11"
"11206413","13048466312002683000000000U1","FLORERIA VALENCIA",,"466312","Comercio al por menor de plantas y flores naturales","11 a 30 personas","PROLONGACION","JAVIER ROJO GOMEZ","CALLE","VOLCAN DE CHINCHON","CALLE","COFRE DE PEROTE","CALLE","NEVADO DE POPOCATEPETL","117",,,,,,"COLONIA","SAN CAYETANO EL BORDO",,,,"42084","13","HIDALGO","048","Pachuca de Soto","0001","Pachuca de Soto                                                                                               ","0406","023","7712369645",,,"Fijo","20.10811696","-98.77337972","2024-11"
"6335658","13048463111000051012004457S2","GABRIEL BAYON Y COMPAÑIA PACHUCA","GABRIEL BAYON Y CIA SA DE CV","463111","Comercio al por menor de telas","11 a 30 personas","CALLE","REVOLUCION","CALLE","EVERARDO MÁRQUEZ","PROLONGACION","SAN FELIPE DE LAS TORRES","CALLE","VIADUCTO RÍO DE LAS AVENIDAS","1307",,,,,"E1 E2 EE1","COLONIA","PLAZA BELLA","CENTRO Y PLAZA COMERCIAL","PLAZA BELLA","SN","42060","13","HIDALGO","048","Pachuca de Soto","0001","Pachuca de Soto                                                                                               ","2417","007","5573358995","CONTACTO@BAYON.COM.MX","WWW.BAYON.COM.MX","Fijo","20.11389575","-98.74415212","2010-07"
"6336338","13048466319000314000003315S0","GALERIAS EL TRIUNFO PACHUCA","GALERIAS EL TRIUNFO","466319","Comercio al por menor de otros artículos para la decoración de interiores","11 a 30 personas","BOULEVARD","FELIPE ÁNGELES","CALLE","NINGUNO","CALLE","JUSTINO FERNÁNDEZ","CALLE","NINGUNO","200",,,,,,"COLONIA","JUAN C. DORIA",,,,"42083","13","HIDALGO","048","Pachuca de Soto","0001","Pachuca de Soto                                                                                               ","0622","019",,"PACHUCA@ELTRIUNFO.COM.MX","WWW.GALERIASELTRIUNFO.COM.MX","Fijo","20.06704128","-98.78047292","2010-07"
"6262645","13048468411000313000000000U5","GARAGE CENTRAL",,"468411","Comercio al por menor de gasolina y diesel","11 a 30 personas","CALLE","XICOTÉNCATL","CALLE","IGNACÍO JOSÉ DE ALLENDE","CALLE","MARIANO MATAMOROS","CALLE","IGNACÍO JOSÉ DE ALLENDE","114",,,,,,"COLONIA","CENTRO",,,,"42000","13","HIDALGO","048","Pachuca de Soto","0001","Pachuca de Soto                                                                                               ","0139","025","7711592389","GARAGECENTRAL0710@HOTMAIL.COM",,"Fijo","20.1232889","-98.73473896","2010-07"
"6335166","13083468412000011002041849S0","GAS DE PROVINCIA ACELOTLA","GAS DE PROVINCIA","468412","Comercio al por menor de gas L. P. en cilindros y para tanques estacionarios","31 a 50 personas","AUTOPISTA","MEXICO-TULANCINGO KM 55+500","CALLE","NINGUNO","CALLE","NINGUNO","CALLE","NINGUNO",,"KM 55+500",,,,,"PUEBLO","ACELOTLA",,,,"43836","13","HIDALGO","083","Zempoala","0066","San Mateo Axtlacoyoacan [Rancho]                                                                              ","002A","800",,"PACHUCA.RHUMANOS@GASDEPROVINCIA.COM.MX","WWW.GASDEPROVINCIAHIDALGO.COM.MX","Fijo","19.88580074","-98.64140733","2012-06"
"6740313","13048468411000423000000000U2","GAS EL DESMONTE","GAS EL DESMONTE","468411","Comercio al por menor de gasolina y diesel","11 a 30 personas","CALLE","MÉXICOPACHUCA 80.93","PRIVADA","NINGUNO","AVENIDA","AVENIDA DE LOS GURRIONES","CALLE","JOSÉ REYES MORENO",,"SN",,,,,"COLONIA","SAN ANTONIO EL DESMONTE",,,,"42083","13","HIDALGO","048","Pachuca de Soto","0001","Pachuca de Soto                                                                                               ","2173","027",,"GASELDESMONTE@HOTMAIL.COM",,"Fijo","20.0465375","-98.79128211","2026-04"
"9391716","13048468412000161001027365S6","GAS MUNDIAL PLANTA PACHUCA","PRESTADORA DE GAS","468412","Comercio al por menor de gas L. P. en cilindros y para tanques estacionarios","31 a 50 personas","CALLE","ANTIGUA CARRETERA MÉXICO-PACHUCA","OTRO(ESPECIFIQUE)","OTRO","CALLE","CAMINO AL PALMAR","OTRO(ESPECIFIQUE)","CANAL","92",,,,,,"COLONIA","SANTA JULIA",,,,"42080","13","HIDALGO","048","Pachuca de Soto","0001","Pachuca de Soto                                                                                               ","0976","002",,"ADELAROSA@JEBLA.COM","WWW.GASMUNDIAL.COM","Fijo","20.10862092","-98.75641036","2022-11"
"6861283","13051468411000202101000000U4","GASAMAKE","GASAMAKE","468411","Comercio al por menor de gasolina y diesel","11 a 30 personas","CALLE","CARRETERA PACHUCA TULANCINGO","CALLE","NINGUNO","CALLE","NINGUNO","CALLE","NINGUNO",,"SN",,,,,"COLONIA","AMAQUE",,,,"42181","13","HIDALGO","051","Mineral de la Reforma","0002","Amaque                                                                                                        ","0562","800","5543256396","HACIENDA@CORPOGAS.COM.MX","WWW.GOGAS.COM","Fijo","20.06665491","-98.67448685","2019-04"
"6335409","13051468411000073000005522S9","GASOLINERA CECAPIEM","CECAPIEM","468411","Comercio al por menor de gasolina y diesel","11 a 30 personas","BOULEVARD","LUIS DONALDO COLOSIO (CARRETERA LIBRAMIENTO A TAMPICO)","CALLE","VENUS","OTRO(ESPECIFIQUE)","NINGUNO","AVENIDA","LAS PRESAS","144",,,,,,"COLONIA","SANTIAGO JALTEPEC",,,,"42090","13","HIDALGO","051","Mineral de la Reforma","0029","Santiago Jaltepec                                                                                             ","1202","018",,"CECAPIEM2@GMAIL.COM",,"Fijo","20.10703812","-98.71712306","2010-07"
"1621095","13048468411000103000005522M0","GASOLINERA CECAPIEM","CECAPIEM","468411","Comercio al por menor de gasolina y diesel","11 a 30 personas","BOULEVARD","GUANAJUATO BOULEVARD DEL MINERO","AVENIDA","OAXACA","CALLE","HIDALGO","CALLE","CIUDAD VICTORIA",,"SN",,,,"SN","COLONIA","VENUSTIANO CARRANZA",,,,"42030","13","HIDALGO","048","Pachuca de Soto","0001","Pachuca de Soto                                                                                               ","2135","013",,"CECAPIEM1@GMAIL.COM",,"Fijo","20.1248526","-98.75948145","2010-07"
"10912750","13048468411000731000000000U8","GASOLINERA VALERO",,"468411","Comercio al por menor de gasolina y diesel","11 a 30 personas","CARRETERA","FEDERAL MEXICO LAREDO","CALLE","NINGUNO","CALLE","MIGUEL HIDALGO","CALLE","ISAIAS",,"SN",,,,,"LOCALIDAD","TLAPACOYA",,,,"42110","13","HIDALGO","048","Pachuca de Soto","0158","Santiago Tlapacoya                                                                                            ","2686","021","7711474028","ESTACIONTLAPACOYA@HOTMAIL.COM","WWW.VALERO.COM.MX","Fijo","20.11432428","-98.82286341","2024-11"
"9288784","13048468411000673000000000U2","GASOLINERIA BP","CARBU EXPRESS","468411","Comercio al por menor de gasolina y diesel","11 a 30 personas","BOULEVARD","BOULEVARD DEL MINERO","CIRCUITO","CARDENAL","CALLE","NINGUNO","CALLE","LUCHA ANTORCHISTA",,"SN",,,,,"COLONIA","MARIANO OTERO",,,,"42039","13","HIDALGO","048","Pachuca de Soto","0001","Pachuca de Soto                                                                                               ","1921","005","7717121022",,,"Fijo","20.12420926","-98.77639475","2026-04"
"6877353","13048468411000473000021099S7","GASOLINERIA ESTACION DE SERVICIO ARIEL JUAREZ","ESTACION DE SERVICIO ARIEL","468411","Comercio al por menor de gasolina y diesel","11 a 30 personas","AVENIDA","BENITO JUÁREZ","CALLE","PROFESOR JOSÉ IBARRA OLIVARES","CALLE","GENERAL IGNACIO MEJÍA","AVENIDA","CUAUHTÉMOC","502",,,,,,"COLONIA","REVOLUCIÓN",,,,"42060","13","HIDALGO","048","Pachuca de Soto","0001","Pachuca de Soto                                                                                               ","0196","006",,"CONTRALOR.ESA@OUTLOOK.COM","WWW.GASARIEL.COM","Fijo","20.12030406","-98.7407978","2019-04"
"8221453","13051468411000294001021099S1","GASOLINERIA ESTACION DE SERVICIO ARIEL LAS TORRES","ESTACION DE SERVICIO ARIEL","468411","Comercio al por menor de gasolina y diesel","11 a 30 personas","AVENIDA","LAS TORRES ","OTRO(ESPECIFIQUE)","NINGUNO","OTRO(ESPECIFIQUE)","NINGUNO","OTRO(ESPECIFIQUE)","NINGUNO","2450","KM 6",,,,,"COLONIA","SANTA MARIA LA CALERA",,,,"42180","13","HIDALGO","051","Mineral de la Reforma","0031","San Isidro                                                                                                    ","0577","800",,"CONTRALOR.ESA@OUTLOOK.COM","WWW.GASARIEL.COM","Fijo","20.03751085","-98.73744124","2019-11"
"6856412","13052468411000053000000000U9","GASOLINERIA ESTACION DE SERVICIO LA CONCEPCION","ESTACION DE SERVICIO LA CONCEPCION","468411","Comercio al por menor de gasolina y diesel","11 a 30 personas","CARRETERA","LA CONCEPCION","CALLE","SAN JUAN BAUTISTA DE LA SALLE","CALLE","NINGUNO","CALLE","NINGUNO","1","C",,,,,"COLONIA","BANÚS",,,,"42160","13","HIDALGO","052","San Agustín Tlaxiaca","0076","Banús                                                                                                         ","0023","026",,"ESTACIONLACONCEPCION2017@OUTLOOK.COM","WWW.CONCEPCIONEXPRESS.COM","Fijo","20.13313998","-98.80990782","2019-04"
"9436860","13048468411000703000000000U7","GASOLINERIA TEGO","TEGO","468411","Comercio al por menor de gasolina y diesel","11 a 30 personas","AVENIDA","FERROCARRIL HIDALGO","CALLE","LOS CIPRESES","PRIVADA","NINGUNO","CALLE","LOS PINOS","1000",,,,,,"COLONIA","SAN ANTONIO EL DESMONTE",,,,"42083","13","HIDALGO","048","Pachuca de Soto","0001","Pachuca de Soto                                                                                               ","2169","021","7712689176","SERVICIOOTEGOSADECV@HOTMAIL.COM",,"Fijo","20.04372126","-98.78104611","2023-11"
"6418287","13051467112000041022002365S1","GERSA 713 PACHUCA","MUEBLES PARA BAÑO","467112","Comercio al por menor de pisos y recubrimientos cerámicos","11 a 30 personas","CARRETERA","PACHUCA-TULANCINGO","CALLE","ENCINO","CALLE","ROBLE","CALLE","NOGALES",,"SN",,,,,"COLONIA","ÁLAMO RÚSTICO",,,,"42184","13","HIDALGO","051","Mineral de la Reforma","0020","Álamo Rustico                                                                                                 ","1170","003",,"GERSAMEX@YAHOO.COM.MX","WWW.GERSAMEX.COM","Fijo","20.10043582","-98.71749855","2014-12"
"9469640","13048467112000602001002365S6","GERSA 720 PACHUCA II","MUEBLES PARA BAÑO","467112","Comercio al por menor de pisos y recubrimientos cerámicos","11 a 30 personas","BOULEVARD","FELIPE ANGELES","CALLE","ANTIGUA CARRETERA MEXICO-PACHUCA","BOULEVARD","FELIPE ANGELES","CALLE","NINGUNO","114",,,,,,"COLONIA","SANTA JULIA",,,,"42080","13","HIDALGO","048","Pachuca de Soto","0001","Pachuca de Soto                                                                                               ","0976","007",,"GERSAMEX@YAHOO.COM.MX","WWW.GERSAMEX.COM","Fijo","20.10526927","-98.75868927","2023-11"
"9701816","13048466211000863000000000U5","GINTEC APLY DESARROLLO DE SOFTWARE","GINTEC APLY","466211","Comercio al por menor de mobiliario, equipo y accesorios de cómputo","11 a 30 personas","CALLE","CAMPO DEPORTIVO","CALLE","20 DE NOVIEMBRE","CALLE","16 DE SEPTIEMBRE","CALLE","JOSEFA ORTIZ DE DOMINGUEZ","107",,,,,,"COLONIA","SANTA JULIA",,,,"42080","13","HIDALGO","048","Pachuca de Soto","0001","Pachuca de Soto                                                                                               ","0162","017",,,"WWW.GINTECAPLY.COM","Fijo","20.11417836","-98.76213032","2024-11"
"8736068","13048468411000643000023849S5","GRUPO IH ES12648",,"468411","Comercio al por menor de gasolina y diesel","11 a 30 personas","BOULEVARD","BOULEVARD DEL MINERO","CALLE","NINGUNO","CIRCUITO","SAN CARLOS","CIRCUITO","GOBERNADORES","1711","LOTE 12",,,"0","SN","COLONIA","PARQUE DE POBLAMIENTO",,,,"42032","13","HIDALGO","048","Pachuca de Soto","0001","Pachuca de Soto                                                                                               ","1118","019",,"GRUPO_IH2@HOTMAIL.COM",,"Fijo","20.12388307","-98.77477613","2019-11"
"6855636","13048465311008057001003951S5","GRUPO PAPELERO GUTIERREZ TGPA SUCURSAL 95","GRUPO PAPELERO GUTIERREZ","465311","Comercio al por menor de artículos de papelería","11 a 30 personas","CALLE","GENERAL VICENTE SEGURA","AVENIDA","16 DE ENERO DE 1869","PRIVADA","ARCONADA","AVENIDA","REVOLUCIÓN","403",,,,,,"COLONIA","REVOLUCIÓN",,,,"42060","13","HIDALGO","048","Pachuca de Soto","0001","Pachuca de Soto                                                                                               ","2417","010",,"CONTABILIDAD@GPG.COM.MX","WWW.GRUPOPAPELEROGUTIERREZ.COM.MX","Fijo","20.11753569","-98.74335241","2018-11"
"9030943","13048466212003273000000000U2","HERLAZ SISTEMAS DE COMUNICACION","HERLAZ SISTEMAS DE COMUNICACIÓN","466212","Comercio al por menor de teléfonos y otros aparatos de comunicación","11 a 30 personas","CALLE","VIADUCTO JAVIER ROJO GOMEZ","CALLEJON","SEGUNDO METZTITLAN","PROLONGACION","AVENIDA FRANCISCO I. MADERO","CALLEJON","SEGUNDO METZTITLAN","105",,,,,,"COLONIA","CÉSPEDES REFORMA",,,,"42090","13","HIDALGO","048","Pachuca de Soto","0001","Pachuca de Soto                                                                                               ","0251","032","7717184463","HERLAZ.COMUNIC@HOTMAIL.COM","WWW.HERLAZ.MX","Fijo","20.11247342","-98.72524475","2019-11"
"6859501","13048468411000493000000000U5","HIDROCARBUROS HIDALGO","HIDROCARBUROS HIDALGO","468411","Comercio al por menor de gasolina y diesel","11 a 30 personas","AVENIDA","JAVIER ROJO GÓMEZ","BOULEVARD","RÍO DE LAS AVENIDAS","CALLE","CUESCO","CALLE","EX HACIENDA DE COSCOTITLÁN","125",,,,,,"COLONIA","VALLE DE SAN JAVIER",,,,"42086","13","HIDALGO","048","Pachuca de Soto","0001","Pachuca de Soto                                                                                               ","0425","014",,"HIDROCARBUROS3892@HOTMAIL.COM",,"Fijo","20.10578444","-98.74971141","2019-04"
"6861842","13048468411000543000000000U7","HIDROCARBUROS JALTEPEC","HIDROCARBUROS JALTEPEC","468411","Comercio al por menor de gasolina y diesel","11 a 30 personas","BOULEVARD","CARRETERA CUBITOS LA PAZ ","CALLE","NINGUNO","CALLE","JAVIER ROJO GÓMEZ","BOULEVARD","ADOLFO LÓPEZ MATEOS","101","B",,,,,"COLONIA","LA PAZ",,,,"42094","13","HIDALGO","048","Pachuca de Soto","0001","Pachuca de Soto                                                                                               ","0995","023",,"HIDROCARBUROSJALTEPEC@HOTMAIL.COM",,"Fijo","20.10457995","-98.74506106","2019-04"
"1521678","13051468411000053000000000U1","HIDROCARBUROS SANTA ANA","HIDROCARBUROS SANTA ANA","468411","Comercio al por menor de gasolina y diesel","11 a 30 personas","BOULEVARD","LAS PALOMAS","CERRADA","NINGUNO","CALLE","NINGUNO","CERRADA","NINGUNO","511",,,,,,"COLONIA","EL PORTEZUELO",,,,"42181","13","HIDALGO","051","Mineral de la Reforma","0026","El Portezuelo                                                                                                 ","119A","023","5579219100","ANGEL_STAANA@HOTMAIL.COM",,"Fijo","20.08538089","-98.71937618","2010-07"
"6862197","13052468411000023000000000U2","HIDROCARBUROS SANTA CATARINA","HIDROCARBUROS SANTA CATARINA","468411","Comercio al por menor de gasolina y diesel","11 a 30 personas","CARRETERA","PACHUCA-ACTOPAN","CALLE","NINGUNO","CALLE","CARRETERA FEDERAL MÉXICO-NUEVO LAREDO","CALLE","NINGUNO","2330",,,,,,"LOCALIDAD","SANTA CATARINA",,,,"42160","13","HIDALGO","052","San Agustín Tlaxiaca","0014","Santa Catarina                                                                                                ","0023","009",,"HIDROCARBUROS.CATARINA@GMAIL.COM",,"Fijo","20.1285107","-98.83858341","2019-04"
"11149281","13048466114000653000000000U6","HIPER MERCA","HIPER MERCA MERCA ASIA","466114","Comercio al por menor de cristalería, loza y utensilios de cocina","11 a 30 personas","BOULEVARD","LAS TORRES","CALLE","MEXICO-PACHUCA","CALLE","NINGUNO","OTRO(ESPECIFIQUE)","NINGUNO","6201",,,"1",,,"ZONA COMERCIAL","EXPLANADA","CENTRO Y PLAZA COMERCIAL","PLAZA COMERCIAL EXPLANADA","S-04","42083","13","HIDALGO","048","Pachuca de Soto","0001","Pachuca de Soto                                                                                               ","285A","005","7714056364","HIPERMERCA2023@GMAIL.COM",,"Fijo","20.03922148","-98.79364396","2024-11"
"1532905","13048468311000131002054540S3","HONDA EDC VEL MOTORS","EDC VEL MOTORS","468311","Comercio al por menor de motocicletas","11 a 30 personas","AVENIDA","BENITO JUAREZ","CALLE","NINGUNO","CALZADA","CUESCO","CALLE","NINGUNO","100",,"CENTRO Y PLAZA COMERCIAL","4",,,"COLONIA","EXHACIENDA DE COSCOTITLÁN","PASAJE Y ANDADOR COMERCIAL","PLAZA MILENIO","42","42080","13","HIDALGO","048","Pachuca de Soto","0001","Pachuca de Soto                                                                                               ","0976","029","7717191266","CONTROL.INTERNO@EDCMOTORS.COM","WWW.EDCMOTORS.COM","Fijo","20.11258254","-98.750719","2010-07"
"10858085","13048466114000643000000000U7","INOVASA","INOVASA","466114","Comercio al por menor de cristalería, loza y utensilios de cocina","11 a 30 personas","BOULEVARD","VALLE DE SAN JAVIER","BOULEVARD","MANZANA O EDIFICACION CONTIGUA","CALLE","VALLE DEL YAQUI","CALLE","VALLE DEL YAQUI","110",,,"18",,,"RESIDENCIAL","VALLE DE SAN JAVIER","EDIFICIO COMERCIAL Y DE SERVICIOS","SIN NOMBRE","2","42086","13","HIDALGO","048","Pachuca de Soto","0001","Pachuca de Soto                                                                                               ","2347","030","5636390537","RPHERNANDEZEJ@GMAIL.COM",,"Fijo","20.10414218","-98.75118549","2024-11"
"6336052","13048465211000413000002541S0","ISHOP PACHUCA","PROMOTORA MUSICAL","465211","Comercio al por menor de discos y casetes","11 a 30 personas","AVENIDA","FELIPE ANGELES","BOULEVARD","FELIPE ÁNGELES","OTRO(ESPECIFIQUE)","NINGUNO","OTRO(ESPECIFIQUE)","NINGUNO","102",,,"1",,,"COLONIA","ZONA PLATEADA","CENTRO Y PLAZA COMERCIAL","GALERIAS PACHUCA","156","42084","13","HIDALGO","048","Pachuca de Soto","0001","Pachuca de Soto                                                                                               ","1550","027",,"GUZMANR@SANBORNS.COM.MX","WWW.ISHOPMIXUP.COM","Fijo","20.09765521","-98.76700859","2011-03"
"7374326","13048468111000341001053821S2","JAC DE MEXICO","ZAPATA MOBILITY","468111","Comercio al por menor de automóviles y camionetas nuevos","11 a 30 personas","BOULEVARD","FELIPE ÁNGELES","CALLE","PASEO DEL ROBLE","PRIVADA","LEANDRO VALLE","CERRADA","PRIMERA DEL ROBLE","2307",,,,,,"COLONIA","VENTA PRIETA",,,,"42084","13","HIDALGO","048","Pachuca de Soto","0001","Pachuca de Soto                                                                                               ","2366","025",,"GREYNA@ZAPATA.COM.MX","WWW.ZAPATA.COM.MX","Fijo","20.08102973","-98.77338708","2019-11"
"10592107","13048463211015413000000000U5","JAHDAY TRAJES DE BAÑO",,"463211","Comercio al por menor de ropa, excepto de bebé y lencería","11 a 30 personas","CALLE","MEXICO PACHUCA","CALLE","REFORMA AGRARIA","PROLONGACION","LEY AGRARIA","CALLE","18 DE AGOSTO","6611",,,,"2",,"MANZANA","SANTA MATÍLDE",,,,"42119","13","HIDALGO","048","Pachuca de Soto","0001","Pachuca de Soto                                                                                               ","2421","027",,"VIVEELCORDERO@GMAIL.COM","WWW.JAHDAYTRAJESDEBANO.COM","Fijo","20.02938572","-98.80373301","2024-11"
"6335095","13048463217000083002003643S0","JULIO GALERIAS PACHUCA","GRUPO JULIO","463211","Comercio al por menor de ropa, excepto de bebé y lencería","11 a 30 personas","AVENIDA","FELIPE ANGELES","OTRO(ESPECIFIQUE)","MANZANA O EDIFICACIÓN CONTIGUA","BOULEVARD","FELIPE ÁNGELES","OTRO(ESPECIFIQUE)","CANAL","102","SN",,,,,"COLONIA","ZONA PLATEADA","CENTRO Y PLAZA COMERCIAL","GALERIAS PACHUCA","123","42084","13","HIDALGO","048","Pachuca de Soto","0001","Pachuca de Soto                                                                                               ","1550","027",,"AUGUSTO_PEREZ@GRUPOJULIO.MX","WWW.JULIO.COM","Fijo","20.09765521","-98.76700859","2013-07"
"9293797","13048468412000151011000000U7","KUSAGAS","KUSAGAS","468411","Comercio al por menor de gasolina y diesel","11 a 30 personas","CALLE","NINGUNO","AVENIDA","FRANCISCO VILLA","CALLE","NINGUNO","CALLE","NINGUNO",,"SN",,,,,"COLONIA","LA LOMA",,,,"42088","13","HIDALGO","048","Pachuca de Soto","0001","Pachuca de Soto                                                                                               ","260A","017",,"KUSAGAS.SHELL@GMAIL.COM",,"Fijo","20.12545735","-98.80999843","2020-11"
"6335924","13048431160000041002000000U9","LA HOLANDESA",,"461110","Comercio al por menor en tiendas de abarrotes, ultramarinos y misceláneas","11 a 30 personas","AVENIDA","BENITO JUAREZ","CALLE","PROFESOR JOSE IBARRA OLIVARES","CALLE","SAMUEL CARRO","AVENIDA","CUAUHTEMOC","700","F",,,,,"COLONIA","REVOLUCIÓN",,,,"42000","13","HIDALGO","048","Pachuca de Soto","0001","Pachuca de Soto                                                                                               ","0196","020","7711985023","KARLAHOLANDEZ@GMAIL.COM","LACTYKARNE.COM","Fijo","20.11977182","-98.74156357","2010-07"
"1532870","13048466111001021001000000U1","LA VILLITA DISEÑOS Y MUEBLES","LA VILLITA DISEÑOS Y MUEBLES","466111","Comercio al por menor de muebles para el hogar","11 a 30 personas","AVENIDA","BENITO JUAREZ","CALLE","12 DE OCTUBRE DE 1492","CALLE","SAMUEL CARRO","AVENIDA","CUAUHTEMOC","804",,,,,,"COLONIA","REVOLUCIÓN",,,,"42060","13","HIDALGO","048","Pachuca de Soto","0001","Pachuca de Soto                                                                                               ","2402","020",,"LAVILLITAMUEBLERIAS@YAHOO.COM.MX",,"Fijo","20.11939924","-98.74209799","2012-06"
"1539453","13048468411000393000000000U7","LATITUD 5 ESTRELLAS","LATITUD 5 ESTRELLAS","468411","Comercio al por menor de gasolina y diesel","11 a 30 personas","BOULEVARD","COLONIAS-SANTA CATARINA","CALLE","NINGUNO","BOULEVARD","RAMÓN G BONFIL","CALLE","NINGUNO","1005",,,,,,"COLONIA","VENTA PRIETA","CENTRO Y PLAZA COMERCIAL","PLAZA LATITUD 5 ESTRELLAS","SN","42080","13","HIDALGO","048","Pachuca de Soto","0001","Pachuca de Soto                                                                                               ","1512","010",,"LATITUD_5ESTRELLAS@HOTMAIL.COM",,"Fijo","20.07313391","-98.79250195","2010-07"
"9232713","13048463211012612000002381S5","LEFTIES GALERIAS PACHUCA","ITX RETAIL MEXICO","463211","Comercio al por menor de ropa, excepto de bebé y lencería","11 a 30 personas","AVENIDA","FELIPE ANGELES","CALLE","MANZANA O EDIFICACIÓN CONTIGUA","BOULEVARD","FELIPE ÁNGELES","CALLE","CANAL","102",,,,,,"COLONIA","ZONA PLATEADA","CENTRO Y PLAZA COMERCIAL","GALERIAS PACHUCA","SN","42083","13","HIDALGO","048","Pachuca de Soto","0001","Pachuca de Soto                                                                                               ","1550","027",,"DATOSPERSONALES@CORPORACIONDENSERVICIOSXXI.MX","WWW.LEFTIES.COM","Fijo","20.09765521","-98.76700859","2020-04"
"1569511","13048468213000422001000000U4","LLANTERA AVANTE PACHUCA",,"468213","Comercio al por menor de llantas y cámaras para automóviles, camionetas y camiones","11 a 30 personas","CALLE","MEXICO PACHUCA","CALLE","5 DE FEBRERO","CALLE","12 DE OCTUBRE","CALLE","16 DE SEPTIEMBRE","2004",,,,,,"COLONIA","SAN ANTONIO EL DESMONTE",,,,"42083","13","HIDALGO","048","Pachuca de Soto","0001","Pachuca de Soto                                                                                               ","2173","013","7711197410","AVANTEDEPACHUCA@GMAIL.COM",,"Fijo","20.04826443","-98.79095671","2014-12"
"6335346","13048468213000303000005371M6","LLANTERAMA HIDALGUENSE","LLANTERAMA HIDALGUENSE","468213","Comercio al por menor de llantas y cámaras para automóviles, camionetas y camiones","11 a 30 personas","BOULEVARD","PACHUCA-TULANCINGO","AVENIDA","BARTOLOMÉ DE MEDINA","AVENIDA","UNIVERSIDAD","CALLE","SAN PEDRO","104",,,,"0","SN","COLONIA","CANUTILLO",,,,"42070","13","HIDALGO","048","Pachuca de Soto","0001","Pachuca de Soto                                                                                               ","0355","003","7712950042","LLANTERAMA2021GOODYEAR@OUTLOOK.COM",,"Fijo","20.11124885","-98.72241674","2010-07"
"6336104","13048463211005292002006560S5","LOB GALERIAS PACHUCA","OPERADORA LOB","463211","Comercio al por menor de ropa, excepto de bebé y lencería","11 a 30 personas","AVENIDA","FELIPE ANGELES","BOULEVARD","FELIPE ÁNGELES","OTRO(ESPECIFIQUE)","CANAL","OTRO(ESPECIFIQUE)","MANZANA O EDIFICACIÓN CONTIGUA","102",,,,,,"FRACCIONAMIENTO","ZONA PLATEADA","CENTRO Y PLAZA COMERCIAL","GALERIAS PACHUCA","236B 337A","42083","13","HIDALGO","048","Pachuca de Soto","0001","Pachuca de Soto                                                                                               ","1550","027",,"PACHUCA@LOB.MX","WWW.LOB.COM.MX","Fijo","20.09765521","-98.76700859","2010-07"
"6336269","13048468420000522001012669S2","LUBRICANTES ESPECIALIZADOS DE VERACRUZ SUC PACHUCA DE SOTO","LUBRICANTES ESPECIALIZADOS DE VERACRUZ","468420","Comercio al por menor de aceites y grasas lubricantes, aditivos y similares para vehículos de motor","11 a 30 personas","AVENIDA","UNIVERSIDAD","PRIVADA","SAN PEDRO","CERRADA","SAN PEDRO","AVENIDA","BARTOLOMÉ DE MEDINA","203","B",,,,,"COLONIA","CANUTILLO",,,,"42070","13","HIDALGO","048","Pachuca de Soto","0001","Pachuca de Soto                                                                                               ","0355","003",,"SUSANA.SALAZAR@LEVSA.COM.MX",,"Fijo","20.11130487","-98.72157706","2010-07"
"1539449","13048468411000373002000000U9","LUDJOSA GASO","LUDJOSA GASO","468411","Comercio al por menor de gasolina y diesel","11 a 30 personas","AVENIDA","FRANCISCO I. MADERO","CALLE","DOCTOR FERNANDO ORTIZ CORTÉS","PROLONGACION","AVENIDA FRANCISCO I. MADERO","AVENIDA","FRANCISCO I. MADERO","1002",,,,"0","SN","COLONIA","DOCTORES",,,,"42090","13","HIDALGO","048","Pachuca de Soto","0001","Pachuca de Soto                                                                                               ","0228","022",,"FACTURALUDJOSA@GMAIL.COM",,"Fijo","20.11638752","-98.72620346","2010-07"
"9401792","13048466212003561001012863S0","MACROPAY","CELULARES Y ACCESORIOS DEL SURESTE","466212","Comercio al por menor de teléfonos y otros aparatos de comunicación","11 a 30 personas","BOULEVARD","NUEVO HIDALGO","BOULEVARD","FELIPE ÁNGELES","AVENIDA","FERROCARRIL HIDALGO","AVENIDA","AVENIDA DE LAS AVES",,,,"1","13",,"COLONIA","COLONIAS","CENTRO Y PLAZA COMERCIAL","MERCADO SORIANA VILLAS DE PACHUCA","13","42083","13","HIDALGO","048","Pachuca de Soto","0001","Pachuca de Soto                                                                                               ","1423","006","9991338858","GERARDO.ALVAREZ@MACROPAY.MX",,"Fijo","20.05535265","-98.78216117","2023-11"
"9402307","13048466212003521001012863S4","MACROPAY","CELULARES Y ACCESORIOS DEL SURESTE","466212","Comercio al por menor de teléfonos y otros aparatos de comunicación","11 a 30 personas","CALLE","MÉXICO-PACHUCA","CALLE","NINGUNO","BOULEVARD","LAS TORRES","CALLE","NINGUNO","6201",,,"1",,,"COLONIA","SAN ANTONIO DEL DESMONTE","CENTRO Y PLAZA COMERCIAL","PLAZA EXPLANADA","RF 35","42083","13","HIDALGO","048","Pachuca de Soto","0001","Pachuca de Soto                                                                                               ","285A","005","9991338858","GERARDO.ALVAREZ@MACROPAY.MX",,"Fijo","20.03710051","-98.79735106","2023-11"
"9462500","13048466212003551001012863S1","MACROPAY","CELULARES Y ACCESORIOS DEL SURESTE","466212","Comercio al por menor de teléfonos y otros aparatos de comunicación","11 a 30 personas","CALLE","LUIS DONALDO COLOSIO","BOULEVARD","REVOLUCION DE 1910","BOULEVARD","NUEVO HIDALGO","CARRETERA","LA PAZ","2009",,,,,,"COLONIA","EX HACIENDA DE COSCOTITLAN","CENTRO Y PLAZA COMERCIAL","GRAN PATIO PACHUCA","SN","42064","13","HIDALGO","048","Pachuca de Soto","0001","Pachuca de Soto                                                                                               ","0779","021","9991338858","GERARDO.ALVAREZ@MACROPAY.MX",,"Fijo","20.09393658","-98.75689639","2023-11"
"9410640","13051466212000541001012863S9","MACROPAY","CELULARES Y ACCESORIOS DEL SURESTE","466212","Comercio al por menor de teléfonos y otros aparatos de comunicación","11 a 30 personas","CALLE","CARRETERA PACHUCA TULANCINGO","CALLE","NINGUNO","CERRADA","MARÍA LUISA ROSS","CALLE","NINGUNO","1000",,,,,,"COLONIA","ABUNDIO MARTINEZ","CENTRO Y PLAZA COMERCIAL","PLAZA UNIVERSIDAD","LD029","42181","13","HIDALGO","051","Mineral de la Reforma","0060","Abundio Martínez                                                                                              ","1236","010","9991338858","GERARDO.ALVAREZ@MACROPAY.MX",,"Fijo","20.09750306","-98.71610681","2023-11"
"9401788","13052466212000161001012863S4","MACROPAY","CELULARES Y ACCESORIOS DEL SURESTE","466212","Comercio al por menor de teléfonos y otros aparatos de comunicación","11 a 30 personas","AVENIDA","NIÑOS HÉROES","CALLE","MELCHOR OCAMPO","CALLE","PLAZA JUÁREZ","CALLE","HOMBRES ILUSTRES",,"SN",,,,,"BARRIO","CASA GRANDE",,,,"42164","13","HIDALGO","052","San Agustín Tlaxiaca","0001","San Agustín Tlaxiaca                                                                                          ","0292","019","9991338858","GERARDO.ALVAREZ@MACROPAY.MX",,"Fijo","20.11454958","-98.88696191","2023-11"
"9406341","13051466212000531001012863S0","MACROPAY","CELULARES Y ACCESORIOS DEL SURESTE","466212","Comercio al por menor de teléfonos y otros aparatos de comunicación","11 a 30 personas","CALLE","GENERAL FELIPE ÁNGELES","AVENIDA","REFORMA","CALLE","HIDALGO","CALLE","GUADALUPE VICTORIA",,"SN",,,,,"COLONIA","CENTRO",,,,"42180","13","HIDALGO","051","Mineral de la Reforma","0001","Pachuquilla                                                                                                   ","0191","019","9991338858","GERARDO.ALVAREZ@MACROPAY.MX",,"Fijo","20.0725429","-98.69535579","2023-11"
"9420904","13048466212003531001012863S3","MACROPAY","CELULARES Y ACCESORIOS DEL SURESTE","466212","Comercio al por menor de teléfonos y otros aparatos de comunicación","11 a 30 personas","CALLE","VICENTE GUERRERO","CALLE","FRANCISCO DIAZ COVARRUBIAS","CALLE","PLAZA JUÁREZ","AVENIDA","CUAUHTÉMOC","1212",,,,,,"COLONIA","CENTRO",,,,"42000","13","HIDALGO","048","Pachuca de Soto","0001","Pachuca de Soto                                                                                               ","0139","002","9991338858","GERARDO.ALVAREZ@MACROPAY.MX",,"Fijo","20.1237127","-98.73591776","2023-11"
"9438687","13048466212003541001012863S2","MACROPAY","CELULARES Y ACCESORIOS DEL SURESTE","466212","Comercio al por menor de teléfonos y otros aparatos de comunicación","11 a 30 personas","CALLE","NINGUNO","CALLE","EVERARDO MÁRQUEZ","CALLE","VIADUCTO RÍO DE LAS AVENIDAS","PROLONGACION","SAN FELIPE DE LAS TORRES","1307",,,,"15","G","COLONIA","PERIODISTAS","CENTRO Y PLAZA COMERCIAL","PLAZA BELLA","15 ZONA G","42060","13","HIDALGO","048","Pachuca de Soto","0001","Pachuca de Soto                                                                                               ","2417","007","9991338858","GERARDO.ALVAREZ@MACROPAY.MX",,"Fijo","20.1137223","-98.74505391","2023-11"
"9414178","13048466212003581001012863S8","MACROPAY","CELULARES Y ACCESORIOS DEL SURESTE","466212","Comercio al por menor de teléfonos y otros aparatos de comunicación","11 a 30 personas","CALLE","JOSÉ MARÍA MORELOS Y PAVÓN","CALLE","DEGOLLADO","CALLE","LEANDRO VALLE","CALLE","MIGUEL HIDALGO Y COSTILLA","304",,,,,,"COLONIA","CENTRO",,,,"42000","13","HIDALGO","048","Pachuca de Soto","0001","Pachuca de Soto                                                                                               ","0143","008","9991338858","GERARDO.ALVAREZ@MACROPAY.MX",,"Fijo","20.12652334","-98.73042545","2023-11"
"9468052","13048466212003491001012863S0","MACROPAY PACHUCA IGNACIO ALLENDE","CELULARES Y ACCESORIOS DEL SURESTE","466212","Comercio al por menor de teléfonos y otros aparatos de comunicación","11 a 30 personas","CALLE","IGNACÍO JOSÉ DE ALLENDE","CALLE","JUAN C DORIA","CALLE","GUADALUPE VICTORIA","CALLE","VICENTE GUERRERO","320",,,,,,"COLONIA","CENTRO",,,,"42000","13","HIDALGO","048","Pachuca de Soto","0001","Pachuca de Soto                                                                                               ","0143","027","9991338858","GERARDO.ALVAREZ@MACROPAY.MX",,"Fijo","20.12633789","-98.73296873","2023-11"
"9465850","13048466212003601001012863S4","MACROPAY PACHUCA ZARAGOZA","CELULARES Y ACCESORIOS DEL SURESTE","466212","Comercio al por menor de teléfonos y otros aparatos de comunicación","11 a 30 personas","CALLE","IGNACIO ZARAGOZA","CALLE","JULIÁN VILLAGRÁN","CALLE","PLAZA DE LA INDEPENDENCIA","CALLE","IGNACÍO JOSÉ DE ALLENDE","100",,,,,"PB","COLONIA","CENTRO","CENTRO Y PLAZA COMERCIAL","PLAZA SAN JOSÉ","B","42000","13","HIDALGO","048","Pachuca de Soto","0001","Pachuca de Soto                                                                                               ","0815","018","9991338858","GERARDO.ALVAREZ@MACROPAY.MX",,"Fijo","20.12911005","-98.7309772","2023-11"
"9400719","13048466211000823000004364S9","MACSTORE PACHUCA","SISTEMAS EMPRESARIALES DABO","466211","Comercio al por menor de mobiliario, equipo y accesorios de cómputo","11 a 30 personas","CALLE","MÉXICO-PACHUCA","BOULEVARD","LAS TORRES","CALLE","NINGUNO","OTRO(ESPECIFIQUE)","BARDA","6201",,,,,,"COLONIA","SAN ANTONIO EL DESMONTE","CENTRO Y PLAZA COMERCIAL","EXPLANADA PACHUCA","SN","42083","13","HIDALGO","048","Pachuca de Soto","0001","Pachuca de Soto                                                                                               ","285A","005",,"EDMUNDO.SANCHEZ@MACSTORE.MX","WWW.MACSTOREONLINE.COM.MX","Fijo","20.03710051","-98.79735106","2023-11"
"10519296","13048465912006633000000000U0","MALL CHINO","CHEN YU","465912","Comercio al por menor de regalos","11 a 30 personas","CALLE","NINGUNO","CALLE","NINGUNO","CALLE","NINGUNO","AVENIDA","TEZONTLE","0","SN",,"1",,,"COLONIA","AEROPUERTO","CENTRO Y PLAZA COMERCIAL","PLAZA PERISUR PACHUCA","SN","42083","13","HIDALGO","048","Pachuca de Soto","0001","Pachuca de Soto                                                                                               ","1550","019","5578563331",,,"Fijo","20.09170224","-98.77211493","2024-11"
"6335347","13048468213000314001005399M3","MARPA DE PACHUCA MATRÍZ","MARPA DE PACHUCA","468213","Comercio al por menor de llantas y cámaras para automóviles, camionetas y camiones","11 a 30 personas","CARRETERA","PACHUCA-TULANCINGO","BOULEVARD","PACHUCA-TULANCINGO","PRIVADA","SAN PEDRO","OTRO(ESPECIFIQUE)","SAN PEDRO","201",,,,,,"COLONIA","CANUTILLO",,,,"42070","13","HIDALGO","048","Pachuca de Soto","0001","Pachuca de Soto                                                                                               ","0355","003",,"DYGARRIDO@GRUPO-MARPA.COM","WWW.GRUPO-MARPA.COM.MX","Fijo","20.11122429","-98.72243813","2010-07"
"6801932","13048465911000623000018726S9","MASCOTAS Y COMPAÑIA","MASCOTAS Y COMPAÑIA","465911","Comercio al por menor de mascotas","11 a 30 personas","BOULEVARD","LUIS DONALDO COLOSIO","CALLE","NINGUNO","BOULEVARD","REVOLUCIÓN DE 1910","CALLE","NINGUNO","2009",,,"1",,,"COLONIA","EX HACIENDA DE COSCOTITLAN","CENTRO Y PLAZA COMERCIAL","GRAN PATIO PACHUCA","SN","42064","13","HIDALGO","048","Pachuca de Soto","0001","Pachuca de Soto                                                                                               ","0779","021",,"FISCAL@PETCO.COM.MX",,"Fijo","20.09393658","-98.75689639","2017-11"
"11374302","13048467111005553000000000U8","MATERIALES LA PROVIDENCIA",,"467111","Comercio al por menor en ferreterías y tlapalerías","11 a 30 personas","AVENIDA","ALAMO","CALLE","CALLE DEL CHOPO","CERRADA","SEGUNDA DEL ALAMO","PRIVADA","DE PALMA",,"SN",,,,,"COLONIA","EL TEZONTLE",,,,"42084","13","HIDALGO","048","Pachuca de Soto","0001","Pachuca de Soto                                                                                               ","1565","002",,,,"Fijo","20.09007214","-98.77878952","2024-11"
"9025529","13048461160002593000000000U0","MATERIAS PRIMAS BALU","DISTRIBUIDORA MONVEL","461160","Comercio al por menor de dulces y materias primas para repostería","11 a 30 personas","CALLE","JOSE MARIA MORELOS Y PAVON","CALLE","PATONI","CALLE","VICENTE RIVA PALACIO","CALLE","NINGUNO","93",,,"1",,,"COLONIA","CENTRO","MERCADO PUBLICO","MERCADO PRIMERO DE MAYO","1 Y 2","42000","13","HIDALGO","048","Pachuca de Soto","0001","Pachuca de Soto                                                                                               ","0868","015",,"BALUMATERIASPRIMASHGO@GMAIL.COM",,"Fijo","20.12843871","-98.73013256","2019-11"
"1525884","13048465914000472002000000U5","MATERIAS PRIMAS LA CONDESA",,"465914","Comercio al por menor de artículos desechables","11 a 30 personas","CALLE","JOSE MARIA MORELOS Y PAVON","CALLE","PATONI","CALLE","VICENTE RIVA PALACIO","CALLE","NINGUNO","93",,,"1",,,"COLONIA","CENTRO","MERCADO PUBLICO","MERCADO PRIMERO DE MAYO","6 Y 7 Y 8","42000","13","HIDALGO","048","Pachuca de Soto","0001","Pachuca de Soto                                                                                               ","0868","015","7717715560","ADMINISTRACION@LACONDESAMATERIASPRIMAS.COM",,"Fijo","20.12843871","-98.73013256","2010-07"
"8440341","13048461150001732001000000U6","MAYOREO Y CREMERIA DE PACHUCA",,"461150","Comercio al por menor de leche, otros productos lácteos y embutidos","11 a 30 personas","BOULEVARD","JAVIER ROJO GOMEZ","BOULEVARD","VALLE DE SAN JAVIER","BOULEVARD","NUEVO HIDALGO","OTRO(ESPECIFIQUE)","MANZANA O EDIFICACION CONTIGUA","0","SN",,"5",,,"COLONIA","EXHACIENDA DE COSCOTITLÁN","CENTRAL DE ABASTO","CENTRAL DE ABASTOS PACHUCA","SN","42064","13","HIDALGO","048","Pachuca de Soto","0001","Pachuca de Soto                                                                                               ","2347","018",,"JORGEBM@HOTMAIL.COM",,"Fijo","20.10636939","-98.75327951","2019-11"
"8295872","13048461150001272001000000U3","MAYOREO Y CREMERIA DE PACHUCA",,"461150","Comercio al por menor de leche, otros productos lácteos y embutidos","11 a 30 personas","BOULEVARD","JAVIER ROJO GOMEZ","BOULEVARD","VALLE DE SAN JAVIER","BOULEVARD","NUEVO HIDALGO","OTRO(ESPECIFIQUE)","MANZANA O EDIFICACION CONTIGUA","0","SN",,"5",,,"COLONIA","EXHACIENDA DE COSCOTITLÁN","CENTRAL DE ABASTO","CENTRAL DE ABASTOS PACHUCA","80","42064","13","HIDALGO","048","Pachuca de Soto","0001","Pachuca de Soto                                                                                               ","2347","018","7710501420",,,"Fijo","20.10636939","-98.75327951","2019-11"
"1538982","13048461150000021002000000U5","MAYOREO Y CREMERIA DE PACHUCA",,"461150","Comercio al por menor de leche, otros productos lácteos y embutidos","11 a 30 personas","BOULEVARD","JAVIER ROJO GOMEZ","BOULEVARD","VALLE DE SAN JAVIER","BOULEVARD","NUEVO HIDALGO","OTRO(ESPECIFIQUE)","MANZANA O EDIFICACION CONTIGUA","0","SN",,"5",,,"COLONIA","EXHACIENDA DE COSCOTITLÁN","CENTRAL DE ABASTO","CENTRAL DE ABASTOS PACHUCA","SN","42064","13","HIDALGO","048","Pachuca de Soto","0001","Pachuca de Soto                                                                                               ","2347","018",,,,"Fijo","20.10636939","-98.75327951","2010-07"
"12328161","13052464111000283000002514S2","MI BODEGA TLAXIACA MADERO","NUEVA WAL MART DE MEXICO","464111","Farmacias sin minisúper","11 a 30 personas","AVENIDA","FRANCISCO I MADERO","CERRADA","PRIMERA CERRADA FRANCISCO I. MADERO","CERRADA","SEGUNDA CERRADA FRANCISCO I. MADERO","CALLE","MELCHOR OCAMPO","68",,,,,,"BARRIO","EL HUIZACHE",,,,"42160","13","HIDALGO","052","San Agustín Tlaxiaca","0001","San Agustín Tlaxiaca                                                                                          ","0288","009",,"ATENCIONACLIENTES@WALMART.COM","WWW.WALMART.COM","Fijo","20.11585879","-98.89021951","2026-04"
"12336183","13048465912007303000055518S9","MINISO GALERIAS PACHUCA","MINISO MEXICO","465912","Comercio al por menor de regalos","11 a 30 personas","CALLE","FELIPE ANGELES","BOULEVARD","Felipe Ángeles","AVENIDA","Ninguno","CALLE","Ninguno","102",,,,,,"COLONIA","ZONA PLATEADA","CENTRO Y PLAZA COMERCIAL","GALERIAS PACHUCA","0","42083","13","HIDALGO","048","Pachuca de Soto","0001","Pachuca de Soto                                                                                               ","1550","027",,,"WWW.MINISO.COM.MX","Fijo","20.09765521","-98.76700859","2026-04"
"12336037","13048465912007293000055518S2","MINISO PACHUCA CENTRO","MINISO MEXICO","465912","Comercio al por menor de regalos","11 a 30 personas","AVENIDA","VICENTE GUERRERO","CALLE","Guadalupe Victoria","CALLE","Juan C Doria","CALLE","Plaza de la Independencia","500",,,,,,"COLONIA","CENTRO",,,,"42680","13","HIDALGO","048","Pachuca de Soto","0001","Pachuca de Soto                                                                                               ","0143","027",,,"WWW.MINISO.COM.MX","Fijo","20.12718594","-98.73314375","2026-04"
"12336221","13051465912002643000055518S7","MINISO PLAZA Q","MINISO MEXICO","465912","Comercio al por menor de regalos","11 a 30 personas","BOULEVARD","LUIS DONALDO COLOSIO CARRETERA LIBRAMIENTO A TAMPICO","CALLE","Ninguno","CALLE","Ninguno","CALLE","Avenida de la Fundición",,"KM 8",,,,,"FRACCIONAMIENTO","COLINAS DE PLATA","CENTRO Y PLAZA COMERCIAL","PLAZA Q","SN","42186","13","HIDALGO","051","Mineral de la Reforma","0063","Colinas de Plata                                                                                              ","1255","042",,,"WWW.MINISO.COM.MX","Fijo","20.08193371","-98.72813504","2026-04"
"6383293","13083468419000014011010174S9","MOBIL PACHUCA I","ESTACIONES DE SERVICIO","468411","Comercio al por menor de gasolina y diesel","11 a 30 personas","CARRETERA","CARRETERA FEDERAL 85 MEXICO-PACHUCA KM 77+600","CALLE","LINDAVISTA","CARRETERA","CAMINO A TELLEZ","CALLE","REAL DE TELLEZ","8",,,,,,"COLONIA","EL CERRITO",,,,"43840","13","HIDALGO","083","Zempoala","0102","Lindavista                                                                                                    ","0513","004",,"JGONZALEZM@ORSAN.COM.MX","WWW.ORSAN.COM.MX","Fijo","20.02262641","-98.81069213","2014-12"
"6383294","13052468419000024111010174S3","MOBIL PACHUCA II","ESTACIONES DE SERVICIO","468411","Comercio al por menor de gasolina y diesel","11 a 30 personas","CARRETERA","CARRETERA FEDERAL 85 PACHUCA-CIUDAD VALLES KM 9+100 TRAMO PACHUCA-ACTOPAN","CALLE","NINGUNO","CALLE","NINGUNO","OTRO(ESPECIFIQUE)","NINGUNO","2",,,,,,"COLONIA","SANTA CATARINA TORNACUXTLE",,,,"42160","13","HIDALGO","052","San Agustín Tlaxiaca","0014","Santa Catarina                                                                                                ","0023","800",,"JGONZALEZM@ORSAN.COM.MX","WWW.ORSAN.COM.MX","Fijo","20.12424624","-98.83352246","2014-12"
"6854342","13048463211008682001028215S4","MODINSA MEXICO","MODINSA MEXICO","463211","Comercio al por menor de ropa, excepto de bebé y lencería","11 a 30 personas","AVENIDA","FELIPE ANGELES","PRIVADA","PLATINO","BOULEVARD","FELIPE ÁNGELES","VIADUCTO","NINGUNO","102",,,,,,"COLONIA","ZONA PLATEADA","CENTRO Y PLAZA COMERCIAL","GALERIAS PACHUCA","264","42084","13","HIDALGO","048","Pachuca de Soto","0001","Pachuca de Soto                                                                                               ","1550","027",,,"WWW.STUDIOF.COM.MX","Fijo","20.09765521","-98.76700859","2024-05"
"10102973","13048466111002303000000000U2","MUEBLERIA EL NEVADO","GRUPO MUEBLERO EL NEVADO","466111","Comercio al por menor de muebles para el hogar","11 a 30 personas","AVENIDA","PORFIRIO DIAZ","CALLE","ADOLFO LOPEZ MATEOS","CALLE","REVOLCADERO","CALLE","NINGUNO","26",,,,,,"COLONIA","LOMA BONITA",,,,"42088","13","HIDALGO","048","Pachuca de Soto","0001","Pachuca de Soto                                                                                               ","2807","017","7711772973","GRUPOMUEBLEROREYES2019@GMAIL.COM",,"Fijo","20.10880275","-98.80763775","2024-11"
"9766802","13051467111002623000000000U6","MUNDO TOOL","HERRAMIENTAS DE LA PIEDAD","467111","Comercio al por menor en ferreterías y tlapalerías","11 a 30 personas","BOULEVARD","LUIS DONALDO COLOSIO CARRETERA LIBRAMIENTO A TAMPICO","AVENIDA","LAS PRESAS","CALLE","VENUS","AVENIDA","LAS PRESAS",,"SN",,,,,"COLONIA","SANTIAGO JALTEPEC",,,,"42182","13","HIDALGO","051","Mineral de la Reforma","0029","Santiago Jaltepec                                                                                             ","1202","018","7711898940","TIENDAMINERAL@MUNDOTOOL.COM","MUNDOTOOL.COM","Fijo","20.10802777","-98.71683189","2024-11"
"6869255","13048463215002181010006098S4","NICE DE MEXICO","NICE DE MEXICO","465112","Comercio al por menor de artículos de joyería y relojes","11 a 30 personas","CALLE","JUSTO SIERRA","CALLE","ADRIÁN GUERRERO DÍAZ","CALLE","JAIME NUNÓ","AVENIDA","REVOLUCIÓN","114",,,,,,"COLONIA","PERIODISTAS",,,,"42060","13","HIDALGO","048","Pachuca de Soto","0001","Pachuca de Soto                                                                                               ","2417","015",,"PPASTOR@NICE.COM.MX",,"Fijo","20.11666294","-98.74072209","2019-04"
"9232715","13048463214000401001000000U1","NIKKI GALERIAS PACHUCA","COMERCIALIZADORA JS BULOS","463214","Comercio al por menor de disfraces, vestimenta regional y vestidos de novia","11 a 30 personas","BOULEVARD","FELIPE ANGELES","OTRO(ESPECIFIQUE)","CANAL","AVENIDA","CAMINO REAL DE LA PLATA","OTRO(ESPECIFIQUE)","MANZANA O EDIFICACION CONTIGUA","102",,,"1",,,"FRACCIONAMIENTO","ZONA PLATEADA","CENTRO Y PLAZA COMERCIAL","GALERIAS PACHUCA","119","42084","13","HIDALGO","048","Pachuca de Soto","0001","Pachuca de Soto                                                                                               ","1550","027","7711769274","CJSBULOS2021@GMAIL.COM",,"Fijo","20.09765521","-98.76700859","2020-04"
"6335955","13048326191000022011004122S2","NUTRIGO","NUTRIGO","461190","Comercio al por menor de otros alimentos","11 a 30 personas","AVENIDA","TAMAULIPAS","CALLE","NINGUNO","CALLE","NINGUNO","CALLE","NINGUNO","310","A","EDIFICIO SIN NOMBRE","18",,,"COLONIA","VENUSTIANO CARRANZA",,,,"42030","13","HIDALGO","048","Pachuca de Soto","0001","Pachuca de Soto                                                                                               ","214A","013","5514421150","SAC@INIX.MX","WWW.INIX.MX","Fijo","20.12599986","-98.75702999","2010-07"
"6320181","13051465311002193000004206S8","OFFICE DEPOT DE MEXICO 002 PLAZA UNIVERSIDAD PACHUCA","OFFICE DEPOT DE MEXICO","465311","Comercio al por menor de artículos de papelería","11 a 30 personas","CALLE","NINGUNO","CERRADA","MARÍA LUISA ROSS","CALLE","NINGUNO","OTRO(ESPECIFIQUE)","NINGUNO","1000",,,,,"S A","COLONIA","ABUNDIO MARTINEZ",,,,"42181","13","HIDALGO","051","Mineral de la Reforma","0060","Abundio Martínez                                                                                              ","1236","006",,"SCLIENTES@OFFICEDEPOT.COM.MX","WWW.OFFICEDEPOT.COM.MX","Fijo","20.09746766","-98.71664688","2010-07"
"6336520","13048465311005454001004206S7","OFFICE DEPOT DE MEXICO 128 PACHUCA","OFFICE DEPOT DE MEXICO","465311","Comercio al por menor de artículos de papelería","31 a 50 personas","BOULEVARD","LUIS DONALDO COLOSIO","CALLE","NINGUNO","BOULEVARD","REVOLUCIÓN DE 1910","CALLE","NINGUNO","2009","208 210",,,,,"COLONIA","EX HACIENDA DE COSCOTITLAN","CENTRO Y PLAZA COMERCIAL","GRAN PATIO PACHUCA","210","42064","13","HIDALGO","048","Pachuca de Soto","0001","Pachuca de Soto                                                                                               ","0779","021",,"SCLIENTES@OFFICEDEPOT.COM.MX","WWW.OFFICEDEPOT.COM.MX","Fijo","20.09393658","-98.75689639","2010-07"
"6336385","13048465311005464000004206S6","OFFICE DEPOT DE MEXICO 175 PACHUCA MRP","OFFICE DEPOT DE MEXICO","465311","Comercio al por menor de artículos de papelería","31 a 50 personas","CALLE","LUIS DONALDO COLOSIO","BOULEVARD","NUEVO HIDALGO","BOULEVARD","FELIPE ÁNGELES","AVENIDA","TECNOLÓGICO DE MONTERREY",,"SN",,,,,"EXHACIENDA","COSCOTITLAN",,,,"42064","13","HIDALGO","048","Pachuca de Soto","0001","Pachuca de Soto                                                                                               ","2417","027",,"SCLIENTES@OFFICEDEPOT.COM.MX","WWW.OFFICEDEPOT.COM.MX","Fijo","20.11194207","-98.7474763","2010-07"
"6336325","13048465311005474002003309S5","OFFICE MAX 161","OPERADORA OMX","465311","Comercio al por menor de artículos de papelería","31 a 50 personas","CALLE","TECNOLOGICO DE MONTERREY","BOULEVARD","FELIPE ÁNGELES","BOULEVARD","NUEVO HIDALGO","BOULEVARD","LUIS DONALDO COLOSIO","212",,,"1",,,"FRACCIONAMIENTO","PUERTA DE HIERRO","CENTRO Y PLAZA COMERCIAL","PLAZA PUERTA DE HIERRO","SN","42090","13","HIDALGO","048","Pachuca de Soto","0001","Pachuca de Soto                                                                                               ","0529","019",,"SARAH.LOZADA@OFFICEMAX.COM.MX","WWW.OFFICEMAX.COM.MX","Fijo","20.09310986","-98.76408876","2010-07"
"10333309","13048467115004874000000000U0","OFICINA CORPORATIVO GRUPO GINEZ","DISTRIBUIDORA GINEZ","467115","Comercio al por menor de artículos para la limpieza","11 a 30 personas","AVENIDA","CAMINO REAL DE LA PLATA","AVENIDA","CAMINO REAL DE LA PLATA","AVENIDA","CAMINO REAL DE LA PLATA","CALLE","RIO JORDAN","228",,,"21",,,"COLONIA","ZONA PLATEADA","EDIFICIO COMERCIAL Y DE SERVICIOS","CORPORATIVO GRUPO GINEZ","5","42084","13","HIDALGO","048","Pachuca de Soto","0001","Pachuca de Soto                                                                                               ","0764","045",,"HOLA@GINEZ.COM","WWW.GRUPOGINEZ.COM","Fijo","20.09671293","-98.77464084","2024-11"
"9470129","13048465311010533000012795S1","OFIX 54 PACHUCA","OFIX","465311","Comercio al por menor de artículos de papelería","11 a 30 personas","AVENIDA","FELIPE ANGELES","OTRO(ESPECIFIQUE)","NINGUNO","BOULEVARD","FELIPE ÁNGELES","OTRO(ESPECIFIQUE)","NINGUNO","102",,,,"118","A","COLONIA","ZONA PLATEADA","CENTRO Y PLAZA COMERCIAL","GALERIAS PACHUCA","SN","42843","13","HIDALGO","048","Pachuca de Soto","0001","Pachuca de Soto                                                                                               ","1550","027",,"ANTONIAGARCIA@OFIX.MX",,"Fijo","20.09765521","-98.76700859","2023-11"
"12335620","13048465215001653000000000U1","OUTLET PUMA","PUMA MEXICO SPORT","465215","Comercio al por menor de artículos y aparatos deportivos","11 a 30 personas","BOULEVARD","LUIS DONALDO COLOSIO","BOULEVARD","REVOLUCION DE 1910","CALLE","NINGUNO","CALLE","NINGUNO","2009",,"J04","1",,,"ZONA COMERCIAL","EXHACIENDA DE COSCOTITLAN",,,,"42064","13","HIDALGO","048","Pachuca de Soto","0001","Pachuca de Soto                                                                                               ","0779","021",,"GRAN-PATIO-PACHUCA.MX@PUMA.COM",,"Fijo","20.09458687","-98.75758062","2026-04"
"9232815","13051468411000333100008448S7","OXXO GAS SUC DON PABLO 609496","SERVICIOS GASOLINEROS DE MEXICO","468411","Comercio al por menor de gasolina y diesel","11 a 30 personas","OTRO(ESPECIFIQUE)","NINGUNO","BOULEVARD","DON PABLO","CALLE","DON PABLO","OTRO(ESPECIFIQUE)","NINGUNO",,"SN",,,,,"COLONIA","SANTA MARIA LA CALERA",,,,"42186","13","HIDALGO","051","Mineral de la Reforma","0089","Privada Don Pablo                                                                                             ","0577","800",,"ATENCIONCLIENTES@OXXOGAS.COM","WWW.OXXOGAS.COM","Fijo","20.02131329","-98.72222982","2020-04"
"1600012","13048468411000082000025159S4","PACHUCA","GASOMER","468411","Comercio al por menor de gasolina y diesel","11 a 30 personas","CALLE","REAL DE SAN ANTONIO","BOULEVARD","REVOLUCIÓN DE 1910","BOULEVARD","REAL DEL VALLE","PRIVADA","NINGUNO","10",,,,,,"COLONIA","EXHACIENDA DE COSCOTITLAN",,,,"42080","13","HIDALGO","048","Pachuca de Soto","0001","Pachuca de Soto                                                                                               ","0779","003",,"CELIZARRARAS@HIDROSINACOM.MX",,"Fijo","20.0913458","-98.75449118","2011-03"
"9430933","13051468411000373000000000U3","PEMEX ESTACION 14709","HIDROCARBUROS DE SERVICIOS DE APULCO","468411","Comercio al por menor de gasolina y diesel","11 a 30 personas","OTRO(ESPECIFIQUE)","ACUEDUCTO","CALLE","LA PAZ","OTRO(ESPECIFIQUE)","MANZANA O EDIFICACION CONTIGUA","AVENIDA","ARBOLEDAS",,"SN",,,,,"COLONIA","VALLE DE SAN JAVIER",,,,"42086","13","HIDALGO","051","Mineral de la Reforma","0102","Industrial la Paz                                                                                             ","1363","003",,,,"Fijo","20.08453666","-98.75039184","2023-11"
"10367006","13048465911001173000000000U4","PETCO","MASCOTAS Y COMPAÑÍA","465911","Comercio al por menor de mascotas","11 a 30 personas","BOULEVARD","LUIS DONALDO COLOSIO","BOULEVARD","REVOLUCION DE 1910","CALLE","NINGUNO","CALLE","NINGUNO",,"SN",,,,,"ZONA COMERCIAL","GRAN PATIO",,,,"42064","13","HIDALGO","048","Pachuca de Soto","0001","Pachuca de Soto                                                                                               ","0779","021",,"7138GER@PETCO.COM.MX","PETCO.COM.MX","Fijo","20.09477371","-98.75778892","2024-11"
"6263098","13051468411000102003005461S6","PETREOS LAS GLORIAS","PETREOS LAS GLORIAS","468411","Comercio al por menor de gasolina y diesel","11 a 30 personas","AVENIDA","MOREDA","CALLE","FELIPE ÁNGELES","CALLE","MONTAJES","CALLE","BASTONES","200",,,,,,"COLONIA","LOS TUZOS",,,,"42185","13","HIDALGO","051","Mineral de la Reforma","0078","Los Tuzos                                                                                                     ","165A","035","7751400083","TUZOS11290@GRUPOPETREOS.MX","WWW.GRUPOPETREOS.MX","Fijo","20.05705164","-98.75920888","2014-12"
"11736276","13048468111000473000011144S3","PEUGEOT","EUROFRANCE AUTOS","468111","Comercio al por menor de automóviles y camionetas nuevos","11 a 30 personas","CARRETERA","FELIPE ÁNGELES","CALLE","Paseo del Roble","CALLE","Ninguno","CALLE","Ninguno","1815",,,,,,"COLONIA","CLUB DE GOLF",,,,"42083","13","HIDALGO","048","Pachuca de Soto","0001","Pachuca de Soto                                                                                               ","2366","018",,"CONTABLIDADHM135@GMAIL.COM","WWW.PEUGEOT.COM.MX","Fijo","20.07674478","-98.77545871","2025-04"
"11178723","13051467113000453000000000U6","PINTURAS ADHECKON","ADHECKON SERVICIOS INTEGRALES","467113","Comercio al por menor de pintura","11 a 30 personas","BOULEVARD","LUIS DONALDO COLOSIO CARRETERA LIBRAMIENTO A TAMPICO","CALLE","JOSEFA ORTIZ DE DOMINGUEZ","AVENIDA","PRINCIPAL LA JOYA","CALLE","CIRCUITO BOSQUE REAL",,"SN",,,,,"PRIVADA","UNIÓN CHACÓN",,,,"42186","13","HIDALGO","051","Mineral de la Reforma","0114","Privada del Bosque                                                                                            ","1452","004","7717159956",,,"Semifijo","20.08574626","-98.74029742","2024-11"
"10841304","13051465912001843000000000U4","PLAZA ASIA",,"465912","Comercio al por menor de regalos","11 a 30 personas","AVENIDA","CAMINO PROVIDENCIA LA CALERA","OTRO(ESPECIFIQUE)","MANZANA O EDIFICACION CONTIGUA","OTRO(ESPECIFIQUE)","MANZANA O EDIFICACION CONTIGUA","OTRO(ESPECIFIQUE)","MANZANA O EDIFICACION CONTIGUA",,"SN",,,,,"FRACCIONAMIENTO","TERCERA",,,,"42186","13","HIDALGO","051","Mineral de la Reforma","0148","Paseos de Chavarría                                                                                           ","215A","045",,,,"Fijo","20.04454481","-98.71706177","2024-11"
"10959791","13048463310003833000000000U8","PRICE SHOES","GRUPO 1M DASH","463310","Comercio al por menor de calzado","11 a 30 personas","BOULEVARD","RIO DE LAS AVENIDAS","CALLE","NINGUNO","PROLONGACION","SAN FELIPE DE LAS TORRES","BOULEVARD","EVERARDO MARQUEZ","1100",,,,,,"COLONIA","CONSTRU PLAZA",,,,"42060","13","HIDALGO","048","Pachuca de Soto","0001","Pachuca de Soto                                                                                               ","2417","022",,,,"Fijo","20.11193646","-98.74619726","2024-11"
"9460023","13048467113001411001005444S9","PROCOMEX OFICINA","PROCOMEX PACHUCA","467113","Comercio al por menor de pintura","11 a 30 personas","PROLONGACION","AVENIDA FRANCISCO I MADERO (RIO DE LAS AVENIDAS)","AVENIDA","UNIVERSIDAD","CALLE","CARRETERA PACHUCA TULANCINGO","CALLE","NINGUNO","113",,,,,,"COLONIA","CÉSPEDES REFORMA",,,,"42090","13","HIDALGO","048","Pachuca de Soto","0001","Pachuca de Soto                                                                                               ","100A","064","7711503610","A.JUAREZ@PROCOMEXPACHUCA.COM","WWW.PROCOMEXPACHUCA.COM","Fijo","20.11159618","-98.72284626","2023-11"
"6320999","13048463211005523003003372S3","PROMODA","MULTIBRAND OUTLET STORES","463211","Comercio al por menor de ropa, excepto de bebé y lencería","11 a 30 personas","BOULEVARD","LUIS DONALDO COLOSIO","BOULEVARD","REVOLUCIÓN DE 1910","CALLE","NINGUNO","OTRO(ESPECIFIQUE)","NINGUNO","2009",,,,,,"COLONIA","EX HACIENDA DE COSCOTITLAN","CENTRO Y PLAZA COMERCIAL","GRAN PATIO PACHUCA","S42 AL S52","42064","13","HIDALGO","048","Pachuca de Soto","0001","Pachuca de Soto                                                                                               ","0779","021",,,"WWW.PROMODA.COM.MX","Fijo","20.09393658","-98.75689639","2011-03"
"8295677","13051461160000473000000000U1","PROMOVENTAS AL DETALLE","PROMOVENTAS AL DETALLE","461160","Comercio al por menor de dulces y materias primas para repostería","11 a 30 personas","CALLE","NINGUNO","PRIVADA","NINGUNO","CALLE","NINGUNO","CALLE","LAZARO CARDENAS",,"SN",,,,,"LOCALIDAD","NUEVO CENTRO DE POBLACIÓN AGRICOLA EL CHACÓN",,,,"42186","13","HIDALGO","051","Mineral de la Reforma","0033","Nuevo Centro de Población Agrícola el Chacón                                                                  ","0577","011","7714737485","ADM_PACHUCA@PUD.COM.MX","WWW.PROMOVENTASALDETALLE.COM.MX","Fijo","20.07044083","-98.74353213","2019-11"
"6336064","13048463211005473002002381S1","PULL AND BEAR","ITX RETAIL MEXICO","463211","Comercio al por menor de ropa, excepto de bebé y lencería","11 a 30 personas","AVENIDA","FELIPE ANGELES","BOULEVARD","FELIPE ÁNGELES","CALLE","MANZANA O EDIFICACIÓN CONTIGUA","CALLE","CANAL","102",,,,,,"COLONIA","ZONA PLATEADA","CENTRO Y PLAZA COMERCIAL","GALERIAS PACHUCA","SN","42083","13","HIDALGO","048","Pachuca de Soto","0001","Pachuca de Soto                                                                                               ","1550","027",,"DATOSPERSONALES@CORPORACIONDENSERVICIOSXXI.MX","WWW.PULLANDBEAR.COM/MX/","Fijo","20.09765521","-98.76700859","2011-03"
"9459751","13048465215001152001003504S4","PUMA TIENDA GRAN PATIO PACHUCA","PUMA MEXICO SPORT","465215","Comercio al por menor de artículos y aparatos deportivos","11 a 30 personas","BOULEVARD","LUIS DONALDO COLOSIO","BOULEVARD","REVOLUCION DE 1910","BOULEVARD","NUEVO HIDALO","AVENIDA","ANTIGUA CARRETERA LA PAZ","2009",,,,,,"COLONIA","EX HACIENDA DE COSCOTITLAN","CENTRO Y PLAZA COMERCIAL","GRAN PATIO PACHUCA","SN","42064","13","HIDALGO","048","Pachuca de Soto","0001","Pachuca de Soto                                                                                               ","0779","021",,"GRAN-PATIO-PACHUCA.MX@PUMA.COM",,"Fijo","20.09393658","-98.75689639","2023-11"
"11307743","13048467114001663000000000U3","PV CANCELERIA SOLUCIONES INTEGRALES PARA TU HOGAR",,"467114","Comercio al por menor de vidrios y espejos","11 a 30 personas","PRIVADA","NOCHEBUENA","CALLE","NOGALES","CALLE","MIGUEL HIDALGO","CALLE","NOGALES",,"SN",,,,,"BARRIO","LA PALMA",,,,"42110","13","HIDALGO","048","Pachuca de Soto","0158","Santiago Tlapacoya                                                                                            ","2686","009",,,"WWW.PVCANCELERIA.COM.MX","Fijo","20.10948354","-98.82716915","2024-11"
"6322242","13048463211005542001006961S3","QUARRY 027 GALERIAS PACHUCA","ENFOQUE RETAIL","463211","Comercio al por menor de ropa, excepto de bebé y lencería","11 a 30 personas","AVENIDA","FELIPE ANGELES","BOULEVARD","FELIPE ÁNGELES","OTRO(ESPECIFIQUE)","MANZANA O EDIFICACIÓN CONTIGUA","OTRO(ESPECIFIQUE)","CANAL","102",,,"1","101",,"COLONIA","ZONA PLATEADA","CENTRO Y PLAZA COMERCIAL","GALERIAS PACHUCA","1","42083","13","HIDALGO","048","Pachuca de Soto","0001","Pachuca de Soto                                                                                               ","1550","027",,"DAVEY.CASCANTE@QUARRY.COM","WWW.QUARRY.COM.MX","Fijo","20.09765521","-98.76700859","2011-03"
"1535984","13048468211001873002000000U1","REFACCIONARIA OKINAWA",,"468211","Comercio al por menor de partes y refacciones nuevas para automóviles, camionetas y camiones","11 a 30 personas","BOULEVARD","EVERARDO MARQUEZ","CALLE","LOMA DE LOS MEXICAS","CALLE","LOMA DE LOS MAYAS","AVENIDA","RIO AMAJAC","504",,,,,,"GRANJA","LOMAS RESIDENCIAL PACHUCA",,,,"42094","13","HIDALGO","048","Pachuca de Soto","0001","Pachuca de Soto                                                                                               ","0980","037","7717188885","REFACCIONARIA_OKINAWA@HOTMAIL.COM",,"Fijo","20.10820223","-98.74720359","2010-07"
"1623734","13048468211001863000000000U2","REFACCIONARIA PITS HIDALGO",,"468211","Comercio al por menor de partes y refacciones nuevas para automóviles, camionetas y camiones","11 a 30 personas","CALLE","NINGUNO","BOULEVARD","FELIPE ANGELES","CERRADA","COLOSIO","BOULEVARD","FELIPE ANGELES",,"SN",,,,,"COLONIA","AMPLIACIÓN SANTA JULIA",,,,"42080","13","HIDALGO","048","Pachuca de Soto","0001","Pachuca de Soto                                                                                               ","0976","020","7717159595","DAVIDCOPCAG@HOTMAIL.COM",,"Fijo","20.10112394","-98.76376262","2010-07"
"6262854","13048468111000033002022684S5","RENAULT PACHUCA LILLE MOTORS","LILLE MOTORS","468111","Comercio al por menor de automóviles y camionetas nuevos","11 a 30 personas","AVENIDA","NINGUNO","CALLE","NINGUNO","AVENIDA","GENERAL VICENTE GUERRERO","CALLE","FRANCISCO VILLA",,"SN",,,,,"COLONIA","ADOLFO LÓPEZ MATEOS",,,,"42090","13","HIDALGO","048","Pachuca de Soto","0001","Pachuca de Soto                                                                                               ","2188","009",,"CONTADOR@RENAULTAZCAPOTZALCO.COM.MX",,"Fijo","20.08920732","-98.74493193","2010-07"
"9031105","13048468211003863100002456S0","ROA","CENTRO DE DISTRIBUCION ORIENTE","468211","Comercio al por menor de partes y refacciones nuevas para automóviles, camionetas y camiones","11 a 30 personas","CALLE","LUIS DONALDO COLOSIO ","AVENIDA","CONSTITUYENTES","CALLE","NINGUNO","CIRCUITO","GOBERNADORES","2201","A",,,,,"COLONIA","AMPLIACIÓN SANTA JULIA",,,,"42080","13","HIDALGO","048","Pachuca de Soto","0001","Pachuca de Soto                                                                                               ","0389","039","5577560326",,,"Fijo","20.10446626","-98.76741477","2019-11"
"6336309","13048468211000161003008166S2","ROTO CRISTALES SUCURSAL PACHUCA","ROTO CRISTALES Y PARTES","468211","Comercio al por menor de partes y refacciones nuevas para automóviles, camionetas y camiones","11 a 30 personas","BOULEVARD","LUIS DONALDO COLOSIO","CALLE","PIRULES","CALLE","AMAPOLA","CALLE","NOCHE BUENA","213",,,,,,"COLONIA","AMPLIACIÓN SANTA JULIA",,,,"42080","13","HIDALGO","048","Pachuca de Soto","0001","Pachuca de Soto                                                                                               ","1048","038",,"GERENCIA_PACHUCA@ROTO.COM.MX","WWW.ROTO.COM.MX","Fijo","20.10579431","-98.76886144","2010-07"
"12327511","13048463216000643000028131S3","SAMSONITE","SAMSONITE MEXICO","463216","Comercio al por menor de ropa de cuero y piel y de otros artículos de estos materiales","11 a 30 personas","BOULEVARD","FELIPE ANGELES","OTRO(ESPECIFIQUE)","GALERIAS PACHUCA","AVENIDA","CAMINO REAL DE LA PLATA","OTRO(ESPECIFIQUE)","GALERIAS PACHUCA","102",,,"17",,,"FRACCIONAMIENTO","ZONA PLATEADA","CENTRO Y PLAZA COMERCIAL","GALERIAS PACHUCA","SN","42084","13","HIDALGO","048","Pachuca de Soto","0001","Pachuca de Soto                                                                                               ","1550","027","5532065995",,,"Fijo","20.09765521","-98.76700859","2026-04"
"12328106","13048464111006274000022319S3","SAN PABLO FARMACIA (PACHUCA CENTRO)","PHARMA PLUS","464111","Farmacias sin minisúper","31 a 50 personas","AVENIDA","JUAREZ","PROLONGACION","JAIME NUNO","CALLE","16 DE ENERO DE 1869","CALLE","GRAL VICENTE SEGURA","903",,,,,,"COLONIA","REVOLUCION",,,,"42060","13","HIDALGO","048","Pachuca de Soto","0001","Pachuca de Soto                                                                                               ","2402","003",,"ANGEL.MERCADO@FSANPABLO.COM.MX","WWW.FARMACIASANPABLO.COM.MX","Fijo","20.11885089","-98.74385165","2026-04"
"12328102","13048464111006264000022319S4","SAN PABLO FARMACIA (ZONA PLATEADA)","PHARMA PLUS","464111","Farmacias sin minisúper","31 a 50 personas","CALLE","CAMINO REAL DE LA PLATA","AVENIDA","FERROCARRIL CENTRAL","CALLE","REAL DE PACHUCA","PRIVADA","RESIDENCIAL EL REFUGIO","431",,,,,,"COLONIA","ZONA PLATEADA",,,,"42084","13","HIDALGO","048","Pachuca de Soto","0001","Pachuca de Soto                                                                                               ","0764","038",,"ANGEL.MERCADO@FSANPABLO.COM.MX","WWW.FARMACIASANPABLO.COM.MX","Fijo","20.09815383","-98.77848","2026-04"
"1595660","13048468111000202012016447S6","SEMINUEVOS SEAT","REAL AUTOS DE HIDALGO","468112","Comercio al por menor de automóviles y camionetas usados","11 a 30 personas","AVENIDA","BENITO JUÁREZ","CALZADA","CUESCO","CALLE","NINGUNO","CALLE","MISIONES DE CUESCO","1517",,,,,,"COLONIA","EXHACIENDA DE COSCOTITLÁN",,,,"42080","13","HIDALGO","048","Pachuca de Soto","0001","Pachuca de Soto                                                                                               ","0177","014",,"CRM@SEAT-PACHUCA.COM.MX","SEAT-PACHUCA.COM.MX","Fijo","20.11293621","-98.75031448","2014-12"
"6881415","13048468411000633000000000U6","SERVI PLUS CESPEDES","SERVI PLUS CESPEDES","468411","Comercio al por menor de gasolina y diesel","11 a 30 personas","AVENIDA","UNIVERSIDAD","CARRETERA","PACHUCA-TULANCINGO","CALLE","DOS CARLOS","CALLE","SAUCILLO","204",,,,"0","SN","COLONIA","FELIPE ÁNGELES",,,,"42090","13","HIDALGO","048","Pachuca de Soto","0001","Pachuca de Soto                                                                                               ","100A","008",,"SERVIPLUS11938@GMAIL.COM",,"Fijo","20.1110616","-98.72635007","2019-04"
"1521604","13051468411000032001000000U5","SERVI UNIVERSIDAD","SERVI UNIVERSIDAD","468411","Comercio al por menor de gasolina y diesel","11 a 30 personas","CARRETERA","CARRETERA PACHUCA TULANCINGO","PRIVADA","RANCHO GUADALUPE","CALLE","MARIA LUISA ROSS LANDA","BOULEVARD","LUIS DONALDO COLOSIO","1000","PAD 5",,,"5",,"COLONIA","ABUNDIO MARTINEZ","CENTRO Y PLAZA COMERCIAL","PLAZA UNIVERSIDAD","5","42181","13","HIDALGO","051","Mineral de la Reforma","0060","Abundio Martínez                                                                                              ","1236","010",,"SERVIUNIVERSIDAD06@GMAIL.COM",,"Fijo","20.09750306","-98.71610681","2010-07"
"6262785","13051468411000043000000000U2","SERVICIO COLINAS DE PLATA","SERVICIO COLINAS DE PLATA","468411","Comercio al por menor de gasolina y diesel","11 a 30 personas","BOULEVARD","LUIS DONALDO COLOSIO KM 4+500","CALLE","LUIS DONALDO COLOSIO (CARRETERA LIBRAMIENTO A TAMPICO)","PRIVADA","NINGUNO","OTRO(ESPECIFIQUE)","NINGUNO",,"KM 4+500",,,,,"COLONIA","LAS PALOMAS",,,,"42186","13","HIDALGO","051","Mineral de la Reforma","0063","Colinas de Plata                                                                                              ","126A","027",,"COLINAS_DEPLATA@HOTMAIL.COM",,"Fijo","20.08417266","-98.72444224","2010-07"
"6857653","13048468411000533000000000U8","SERVICIO DE AUSTRIA","SERVICIO DE AUSTRIA","468411","Comercio al por menor de gasolina y diesel","11 a 30 personas","BOULEVARD","NUEVO HIDALGO","AVENIDA","AVENIDA DE LOS PRISMAS","RETORNO","NINGUNO","CALLE","JADE","902",,,,,,"COLONIA","COLONIAS",,,,"42185","13","HIDALGO","048","Pachuca de Soto","0001","Pachuca de Soto                                                                                               ","1372","001",,"SERVICIOAUSTRIA_6211@HOTMAIL.COM","WWW.SERVICOAUSTRIA.COM","Fijo","20.05543907","-98.78046268","2019-04"
"6882267","13048468411000503000000000U1","SERVICIO DOS CAMINOS","ESTACION DE SERVICIO DOS CAMINOS","468411","Comercio al por menor de gasolina y diesel","11 a 30 personas","CALLE","CAMERINO MENDOZA","AVENIDA","AVENIDA DEL TRABAJO","CALLE","VERACRUZ","CALZADA","VERACRUZ","100",,,,,,"COLONIA","MORELOS",,,,"42000","13","HIDALGO","048","Pachuca de Soto","0001","Pachuca de Soto                                                                                               ","0124","031",,"SERVICIODOSCAMINOS@HOTMAIL.COM",,"Fijo","20.12633734","-98.74491452","2019-04"
"6879765","13051468411000233000000000U9","SERVICIO DUBLIN","SERVICIO DUBLIN","468411","Comercio al por menor de gasolina y diesel","11 a 30 personas","CARRETERA","PACHUCA A CIUDAD SAHAGUN","AVENIDA","REFORMA","OTRO(ESPECIFIQUE)","NINGUNO","OTRO(ESPECIFIQUE)","NINGUNO","1110",,,,,,"FRACCIONAMIENTO","LA REFORMA",,,,"42186","13","HIDALGO","051","Mineral de la Reforma","0158","La Reforma [Zona Industrial]                                                                                  ","0577","001","7713595958","SERVICIODUBLIN@PRODIGY.NET.MX",,"Fijo","20.06674046","-98.74454413","2019-04"
"8779858","13083468411000073000040308S2","SERVICIO EL ONCE","SERVICIO EL ONCE","468411","Comercio al por menor de gasolina y diesel","11 a 30 personas","AVENIDA","DE LOS ARBOLES","CALLE","ORTIZ CISNEROS","CALLE","FELIPE ANGELES","CIRCUITO","FRANCISCO HERRAIZ SERRANAO","222","KM 55 500",,,,,"COLONIA","FRACCIONAMIENTO DEL SUR",,,,"42185","13","HIDALGO","083","Zempoala","0066","San Mateo Axtlacoyoacan [Rancho]                                                                              ","002A","800",,"ADMIN@SELONCE.COM.MX","WWW.SELONCE.COM.MX","Fijo","19.88577","-98.64096999","2019-11"
"12274347","13083468411000093000040308S0","SERVICIO EL ONCE ACELOTLA","SERVICIO EL ONCE","468411","Comercio al por menor de gasolina y diesel","11 a 30 personas","AUTOPISTA","NINGUNO","OTRO(ESPECIFIQUE)","Ninguno","OTRO(ESPECIFIQUE)","Ninguno","OTRO(ESPECIFIQUE)","Ninguno",,"KM 55+500",,,,,"NINGUNO","NINGUNO",,,,"43835","13","HIDALGO","083","Zempoala","0066","San Mateo Axtlacoyoacan [Rancho]                                                                              ","002A","800",,,"WWW.SELONCE.COM.MX","Fijo","19.88618308","-98.64087417","2026-04"
"6262651","13048468411000263002000000U2","SERVICIO GARMAN HIDALGO","SERVICIO GARMAN HIDALGO","468411","Comercio al por menor de gasolina y diesel","11 a 30 personas","BOULEVARD","LUIS DONALDO COLOSIO","CALLE","NEVADO DE COLIMA","CALLE","ABRAHAM","CALLE","IZTACCÍHUATL","810",,,,"0","SN","COLONIA","AMPLIACIÓN SANTA JULIA",,,,"42084","13","HIDALGO","048","Pachuca de Soto","0001","Pachuca de Soto                                                                                               ","0406","015",,"SERVICIOGARMANHIDALGO99@HOTMAIL.COM",,"Fijo","20.1039342","-98.76727801","2010-07"
"6263077","13048468411000193000000000U1","SERVICIO GASOLINERO SANTA JULIA","SERVICIO GASOLINERO SANTA JULIA","468411","Comercio al por menor de gasolina y diesel","11 a 30 personas","BOULEVARD","RAMON G BONFIL","AVENIDA","8","AVENIDA","6","ANDADOR","A MANZANA E","102",,,,,,"COLONIA","PLUTARCO ELÍAS CALLES",,,,"42035","13","HIDALGO","048","Pachuca de Soto","0001","Pachuca de Soto                                                                                               ","0923","037",,"CORTE_SANTAJULIA@HOTMAIL.COM","WWW.GASOFACT.MX","Fijo","20.11468896","-98.76232766","2010-07"
"6335877","13083468411000012001000000U0","SERVICIO LA LOMA","SERVICIO LA LOMA","468411","Comercio al por menor de gasolina y diesel","11 a 30 personas","CARRETERA","PACHUCA-CIUDAD SAHAGÚN 25+100","CALLE","PRESA VALLADARES","CALLE","LAS PRIMITAS","CALLE","FRESNO",,"SN",,,,,"COLONIA","CENTRO",,,,"43830","13","HIDALGO","083","Zempoala","0001","Zempoala                                                                                                      ","0157","047","7711828355","VALERO_ZEMPOALA@CORPOCONTA.COM.MX",,"Fijo","19.91021142","-98.67579737","2010-07"
"6336081","13048468411000113000026635S9","SERVICIO LA VENTA 2","SINERGIA DE ENERGETICOS","468411","Comercio al por menor de gasolina y diesel","11 a 30 personas","BOULEVARD","FELIPE ANGELES","CALLE","FELIPE ANGELES","CALLE","NINGUNO","CALLE","NINGUNO","1916",,,,,,"COLONIA","PLAZA PERISUR",,,,"42080","13","HIDALGO","048","Pachuca de Soto","0001","Pachuca de Soto                                                                                               ","1550","019",,,,"Fijo","20.08919515","-98.77142364","2010-07"
"6861449","13048468411000513001000000U0","SERVICIO MITA BONFIL","SERVICIO MITA BONFIL","468411","Comercio al por menor de gasolina y diesel","11 a 30 personas","BOULEVARD","RAMÓN G BONFIL","CALLE","12 DE JULIO","PRIVADA","NINGUNO","CALLE","NINGUNO","1915",,,,,,"COLONIA","SAN PEDRO NOPALCALO",,,,"42084","13","HIDALGO","048","Pachuca de Soto","0001","Pachuca de Soto                                                                                               ","2510","039","5510519882","MITABONFIL12@GMAIL.COM",,"Fijo","20.08020241","-98.78720926","2019-04"
"6434025","13051468411000083001000000U8","SERVICIO MORGUSA","SERVICIO MORGUSA","468411","Comercio al por menor de gasolina y diesel","11 a 30 personas","CARRETERA","PACHUCA-TULANCINGO","CALLE","ROBLE","CALLE","PASEO DEL ÁLAMO","CARRETERA","PACHUCA-TULANCINGO","100",,,,,,"COLONIA","ABUNDIO MARTINEZ",,,,"42086","13","HIDALGO","051","Mineral de la Reforma","0060","Abundio Martínez                                                                                              ","1236","007",,"MORGUSA@MEIGASCORP.COM",,"Fijo","20.10235709","-98.71888077","2010-07"
"6860178","13048468411000463000000000U8","SERVICIO PACHUCA","SERVICIO PACHUCA","468411","Comercio al por menor de gasolina y diesel","11 a 30 personas","BOULEVARD","EVERARDO MÁRQUEZ","CALLE","NINGUNO","CALLE","JAVIER ROJO GÓMEZ","BOULEVARD","LÁZARO CÁRDENAS","722",,,,"0","SN","COLONIA","COSCOTITLÁN",,,,"42086","13","HIDALGO","048","Pachuca de Soto","0001","Pachuca de Soto                                                                                               ","2328","012",,"SERVICIOPACHUCA@PRODIGY.NET.MX",,"Fijo","20.10111249","-98.74683913","2019-04"
"6857810","13048461184000013000000000U1","SERVICIO PITAHAYAS","SERVICIO PITAHAYAS","468411","Comercio al por menor de gasolina y diesel","11 a 30 personas","BOULEVARD","COLONIAS-SANTA CATARINA KM 2+500","AMPLIACION","RAMON G BONFIL","BOULEVARD","HDA SAN GERONIMO","CALLE","NINGUNO",,"SN",,,,,"COLONIA","SANTA CATARINA",,,,"42080","13","HIDALGO","048","Pachuca de Soto","0001","Pachuca de Soto                                                                                               ","2101","029",,"PITAHAYAS6459@HOTMAIL.COM",,"Fijo","20.07132724","-98.79222725","2019-04"
"6880830","13083468411000043000000000U5","SERVICIO TAYFER","SERVICIO TAYFER","468411","Comercio al por menor de gasolina y diesel","11 a 30 personas","CARRETERA","CARRETERA CD. SAHAGUN-PACHUCA KM 18","OTRO(ESPECIFIQUE)","NINGUNO","OTRO(ESPECIFIQUE)","NINGUNO","OTRO(ESPECIFIQUE)","NINGUNO",,"KM 18",,,,,"COLONIA","BUENA",,,,"43830","13","HIDALGO","083","Zempoala","0055","Bachimba [Rancho]                                                                                             ","0072","800","7711936165","TAYFER@HOTMAIL.COM",,"Fijo","19.9750763","-98.70011821","2019-04"
"1616878","13052468411000013001000000U2","SERVICIO TLAXIACA","SERVICIO TLAXIACA","468411","Comercio al por menor de gasolina y diesel","11 a 30 personas","CARRETERA","PACHUCA AJACUBA","PRIVADA","NINGUNO","CALLE","FRANCISCO I. MADERO","OTRO(ESPECIFIQUE)","NINGUNO","1330",,,,,,"COLONIA","HUIZACHE",,,,"42160","13","HIDALGO","052","San Agustín Tlaxiaca","0001","San Agustín Tlaxiaca                                                                                          ","0288","006",,"SERVI1_TLAXIACA@HOTMAIL.COM",,"Fijo","20.1173103","-98.89475491","2010-07"
"6859372","13052468411000033101000000U1","SERVICIO X O","SERVICIO X O","468411","Comercio al por menor de gasolina y diesel","31 a 50 personas","CARRETERA","ACTOPAN PACHUCA","CALLE","NINGUNO","CARRETERA","PACHUCA AJACUBA","CALLE","NINGUNO","1100",,,,,,"COLONIA","TECAMATL",,,,"42163","13","HIDALGO","052","San Agustín Tlaxiaca","0017","Tecamatl                                                                                                      ","0023","800",,"MAC.RANGEL@OUTLOOK.ES",,"Fijo","20.13503966","-98.88565193","2019-04"
"6335360","13048468411000243000000000U4","SERVIOLEO",,"468411","Comercio al por menor de gasolina y diesel","11 a 30 personas","BOULEVARD","FELIPE ÁNGELES","PRIVADA","CONDE","CALLE","DR GUSTAVO BAZ","CALZADA","CUESCO","1519",,,,,,"COLONIA","EXHACIENDA DE COSCOTITLÁN",,,,"42080","13","HIDALGO","048","Pachuca de Soto","0001","Pachuca de Soto                                                                                               ","0976","008",,"SERVIOLEO@GMAIL.COM",,"Fijo","20.1100385","-98.75335167","2010-07"
"6336443","13048463211005162002007460S0","SHASA 015 PACHUCA","SERVICIOS SHASA","463211","Comercio al por menor de ropa, excepto de bebé y lencería","11 a 30 personas","AVENIDA","FELIPE ANGELES","BOULEVARD","FELIPE ÁNGELES","OTRO(ESPECIFIQUE)","MANZANA O EDIFICACIÓN CONTIGUA","CALLEJON","CANAL","102",,,,,,"COLONIA","ZONA PLATEADA","CENTRO Y PLAZA COMERCIAL","GALERIAS PACHUCA","104","42084","13","HIDALGO","048","Pachuca de Soto","0001","Pachuca de Soto                                                                                               ","1550","027",,"S_015@SHASA.COM","WWW.SHASA.COM","Fijo","20.09765521","-98.76700859","2010-07"
"1539440","13051468411000143000000000U0","SHELL COMBUSTIBLES TUZOS","COMBUSTIBLES TUZOS","468411","Comercio al por menor de gasolina y diesel","11 a 30 personas","AVENIDA","SANTA CECILIA","AVENIDA","RANCHO GUADALUPE","CALLE","NINGUNO","CALLE","NINGUNO","169",,,,,,"FRACCIONAMIENTO","LA PROVIDENCIA SIGLO XXI",,,,"42186","13","HIDALGO","051","Mineral de la Reforma","0027","La Providencia Siglo XXI                                                                                      ","101A","001","7717779838","COMBUS.TUZOS@GMAIL.COM",,"Fijo","20.06871114","-98.71707396","2010-07"
"9455946","13048463310003552001007778S4","SHOES COLLECTION PAKAR","CALZADOS NIEVES","463310","Comercio al por menor de calzado","31 a 50 personas","BOULEVARD","EVERARDO MÁRQUEZ","BOULEVARD","PANORÁMICO CARRETERA LAS BOMBAS-LA PAZ","BOULEVARD","JAVIER ROJO GÓMEZ","CALLE","NINGUNO","477","A",,,,,"COLONIA","COSCOTITLÁN",,,,"42080","13","HIDALGO","048","Pachuca de Soto","0001","Pachuca de Soto                                                                                               ","2328","001","2221914431","CONTABILIDAD.NAV@GRUPOPAKAR.COM.MX","WWW.PAKAR.COM","Fijo","20.09679304","-98.74620658","2023-11"
"8566144","13051812210001081011053878S0","SIIQTEC SUCURSAL CARBONERAS","SIIQTEC","467115","Comercio al por menor de artículos para la limpieza","11 a 30 personas","AVENIDA","SAN JUDAS TADEO","CALLE","SAN DIEGO","PRIVADA","NINGUNO","CALLE","SAN FRANCISCO","184","A",,,,,"COLONIA","CARBONERAS",,,,"42183","13","HIDALGO","051","Mineral de la Reforma","0004","Carboneras                                                                                                    ","1109","010","7711592242","SIIQTEC@HOTMAIL.COM","WWW.SIIQTEC.COM.MX","Fijo","20.08882609","-98.70348395","2019-11"
"6789086","13048463211008661001002381S8","STRADIVARIUS PACHUCA","ITX RETAIL MEXICO","463211","Comercio al por menor de ropa, excepto de bebé y lencería","11 a 30 personas","AVENIDA","FELIPE ANGELES","BOULEVARD","FELIPE ÁNGELES","CALLE","CANAL","PEATONAL","MANZANA O EDIFICACIÓN CONTIGUA","102","L",,,,,"COLONIA","ZONA PLATEADA","CENTRO Y PLAZA COMERCIAL","GALERIAS PACHUCA","157","42083","13","HIDALGO","048","Pachuca de Soto","0001","Pachuca de Soto                                                                                               ","1550","027",,"DATOSPERSONALES@CORPORACIONDENSERVICIOSXXI.MX","WWW.STRADIVARIUS.COM","Fijo","20.09765521","-98.76700859","2017-03"
"6226707","13048467113000111022005357S6","SUCURSAL 165 PACHUCA","SAYER LACK MEXICANA","467113","Comercio al por menor de pintura","11 a 30 personas","CARRETERA","PACHUCA-SAHAGUN RANCHO SAN JOSE KM 7+800","AVENIDA","PRIMERO DE MAYO","CALLE","PASEO DEL ESTUDIANTE","CALLE","VALENTÍN GÓMEZ FARÍAS",,"SN",,,,,"COLONIA","EL SAUCILLO",,,,"42185","13","HIDALGO","051","Mineral de la Reforma","0014","El Saucillo                                                                                                   ","1147","009",,,,"Fijo","20.08173349","-98.74509447","2010-07"
"1597586","13048468111000213000000000U3","SUZUKI PACHUCA AUTOS","OZAKARS","468111","Comercio al por menor de automóviles y camionetas nuevos","31 a 50 personas","BOULEVARD","FELIPE ÁNGELES","CALLE","NINGUNO","CALLE","ANTIGUA MEXICO-PACHUCA","CALLE","ANTIGUA MEXICO-PACHUCA","1950",,,,,,"COLONIA","SANTA JULIA",,,,"42080","13","HIDALGO","048","Pachuca de Soto","0001","Pachuca de Soto                                                                                               ","0976","007",,"RELACIONES.CLIENTES@SUZUKI-PACHUCA.MX","WWW.SUZUKI-PACHUCA.COM.MX","Fijo","20.1041986","-98.75978566","2014-12"
"6335723","13048463111000134001003981S6","TELAS PARISINA 1402 PACHUCA","GRUPO PARISINA","463111","Comercio al por menor de telas","11 a 30 personas","CALLE","VICENTE GUERRERO","CALLE","JUAN C DORIA","CALLE","RAMON M ROSALES","CALLE","JOSE MARIANO JIMENEZ","810",,,,,,"COLONIA","CENTRO",,,,"42000","13","HIDALGO","048","Pachuca de Soto","0001","Pachuca de Soto                                                                                               ","0143","032",,"BKPLAZAA@LAPARISINA.COM.MX","WWW.LAPARISINA.MX","Fijo","20.12713407","-98.73330068","2010-07"
"6855437","13048463111000163000003981S5","TELAS PARISINA 1410 PLAZA BELLA PACHUCA","GRUPO PARISINA","463111","Comercio al por menor de telas","11 a 30 personas","AVENIDA","REVOLUCION","CALLE","5","CALLE","5","AVENIDA","3","1307","ALTOS",,,,,"COLONIA","PLAZA BELLA",,,,"42060","13","HIDALGO","048","Pachuca de Soto","0001","Pachuca de Soto                                                                                               ","2417","002",,,"WWW.LAPARISINA.MX","Fijo","20.11421756","-98.74637632","2024-05"
"1618600","13048463111000092002000000U6","TELAS RIVERA DE PACHUCA","TELAS RIVERA DE PACHUCA","463111","Comercio al por menor de telas","11 a 30 personas","AVENIDA","REVOLUCION","PRIVADA","NINGUNO","CALLE","12 DE OCTUBRE DE 1492","AVENIDA","REVOLUCION","1008",,,"1",,,"COLONIA","REVOLUCIÓN","PASAJE Y ANDADOR COMERCIAL","CONTEINER","1008","42060","13","HIDALGO","048","Pachuca de Soto","0001","Pachuca de Soto                                                                                               ","2417","014","7717137317",,,"Fijo","20.11743693","-98.74100421","2010-07"
"10697917","13048463215002403000000000U2","TIENDA CHINA",,"463215","Comercio al por menor de bisutería y accesorios de vestir","11 a 30 personas","BOULEVARD","EVERARDO MARQUEZ","PROLONGACION","SAN FELIPE DE LAS TORRES","PROLONGACION","VICENTE SEGURA","PROLONGACION","VICENTE SEGURA","100",,,,"11",,"COLONIA","EXHACIENDA DE COSCOTITLÁN",,,,"42064","13","HIDALGO","048","Pachuca de Soto","0001","Pachuca de Soto                                                                                               ","2417","017","7731558350",,,"Fijo","20.11515254","-98.74653244","2024-11"
"10629696","13048462112003083000000000U1","TIENDA DE ARTICULOS DE IMPORTACION Y NACIONALES WIN7",,"462112","Comercio al por menor en minisupers","11 a 30 personas","CALLE","MIGUEL HIDALGO Y COSTILLA","CALLE","LEANDRO VALLE","CALLE","MELCHOR OCAMPO","CALLE","VIADUCTO NUEVO HIDALGO","202",,,,"21",,"CIUDAD","CENTRO",,,,"42000","13","HIDALGO","048","Pachuca de Soto","0001","Pachuca de Soto                                                                                               ","0143","007","7712365949",,,"Fijo","20.1271881","-98.73099376","2024-11"
"11158578","13048465912005543000000000U2","TIENDA DE NOVEDADES RUIZ",,"465912","Comercio al por menor de regalos","11 a 30 personas","CALLE","PLAZA CONSTITUCION","CALLE","MIGUEL HIDALGO Y COSTILLA","CALLE","JULIAN VILLAGRAN","CALLE","VIADUCTO NUEVO HIDALGO","106",,,,,,"COLONIA","CENTRO",,,,"42000","13","HIDALGO","048","Pachuca de Soto","0001","Pachuca de Soto                                                                                               ","0815","020",,,,"Fijo","20.12896407","-98.73052637","2024-11"
"1525441","13048463212000243002000000U1","TIENDA DE ROPA TRIPILLOS",,"463212","Comercio al por menor de ropa de bebé","11 a 30 personas","CALLE","JULIAN VILLAGRAN","CALLE","VENUSTIANO CARRANZA","CALLE","VIADUCTO NUEVO HIDALGO","CALLE","VIADUCTO NUEVO HIDALGO","101",,,,,,"COLONIA","CENTRO",,,,"42000","13","HIDALGO","048","Pachuca de Soto","0001","Pachuca de Soto                                                                                               ","0834","020",,,,"Fijo","20.12938799","-98.73047954","2010-07"
"9868128","13048465912006093000000000U7","TIENDA DE VARIOS ARTICULOS MULTIPRECIOS",,"465912","Comercio al por menor de regalos","11 a 30 personas","CALLE","MIGUEL HIDALGO Y COSTILLA","CALLE","LEANDRO VALLE","CALLE","MELCHOR OCAMPO","CALLE","VIADUCTO NUEVO HIDALGO","200",,,,,,"CIUDAD","CENTRO",,,,"42000","13","HIDALGO","048","Pachuca de Soto","0001","Pachuca de Soto                                                                                               ","0143","007",,,,"Fijo","20.12734184","-98.73096273","2024-11"
"1618874","13048465215000363000000000U8","TIENDA DEPORTIVA TUZOMANIA","TUZOMANIA","465215","Comercio al por menor de artículos y aparatos deportivos","11 a 30 personas","BOULEVARD","EVERARDO MARQUEZ","BOULEVARD","RIO DE LAS AVENIDAS","PROLONGACION","SAN FELIPE DE LAS TORRES","PROLONGACION","VICENTE SEGURA","210",,,,"4",,"COLONIA","EXHACIENDA DE COSCOTITLÁN",,,,"42064","13","HIDALGO","048","Pachuca de Soto","0001","Pachuca de Soto                                                                                               ","2417","027",,,,"Fijo","20.1122069","-98.74746994","2010-07"
"6336204","13048463211005342001007162S8","TIENDA ROBERTS GALERIAS PACHUCA","ORGANIZACION ROBERT S","463211","Comercio al por menor de ropa, excepto de bebé y lencería","11 a 30 personas","AVENIDA","FELIPE ANGELES","BOULEVARD","FELIPE ÁNGELES","OTRO(ESPECIFIQUE)","MANZANA O EDIFICACIÓN CONTIGUA","OTRO(ESPECIFIQUE)","CANAL","102",,,,,,"COLONIA","ZONA PLATEADA","CENTRO Y PLAZA COMERCIAL","GALERIAS PACHUCA","LOCAL 110-111","42083","13","HIDALGO","048","Pachuca de Soto","0001","Pachuca de Soto                                                                                               ","1550","027",,"R014@ROBERTS.COM.MX","WWW.ROBERTS.COM.MX","Fijo","20.09765521","-98.76700859","2010-07"
"6335267","13048462111000183012003579S4","TIENDA SUPERISSSTE 229","SUPERISSSTE","462112","Comercio al por menor en minisupers","11 a 30 personas","CALLE","JOSÉ MARÍA IGLESIAS","AVENIDA","CUAUHTÉMOC","CALLE","MOCTEZUMA","CALLE","CAYETANO GÓMEZ PÉREZ","202",,,,,,"COLONIA","MORELOS",,,,"42040","13","HIDALGO","048","Pachuca de Soto","0001","Pachuca de Soto                                                                                               ","0196","009",,"TIENDA.229@SUPERISSSTE.GOB.MX","WWW.UBICA.SUPERISSSTE.GOB.MX","Fijo","20.12285405","-98.7398205","2014-12"
"1532472","13048333120000014001000000U9","TIHSA EM","TIHSA EM","468211","Comercio al por menor de partes y refacciones nuevas para automóviles, camionetas y camiones","11 a 30 personas","CALLE","FERNANDEZ DE LIZARDI","CALLE","NOMEOLVIDES","CALLE","DALIA","AVENIDA","CIPRES","612",,,,,,"COLONIA","NUEVA FRANCISCO I. MADERO",,,,"42070","13","HIDALGO","048","Pachuca de Soto","0001","Pachuca de Soto                                                                                               ","1531","009",,,"WWW.TIHSAEM.COM","Fijo","20.11796954","-98.72360089","2010-07"
"11231169","13048465919001323000000000U8","TODOS SANTOS SANTUARIO SAN BENITO",,"465919","Comercio al por menor de otros artículos de uso personal","11 a 30 personas","BOULEVARD","LUIS DONALDO COLOSIO","AVENIDA","UNIVERSIDAD","PRIVADA","SAN ANTONIO","CALLE","SAN MARTIN DE PORRES",,"SN",,,,,"COLONIA","CANUTILLO",,,,"42075","13","HIDALGO","048","Pachuca de Soto","0001","Pachuca de Soto                                                                                               ","0355","001","7712037037",,,"Fijo","20.10963301","-98.71662096","2024-11"
"9317966","13048465311010371000012742S5","TONY SUC PACHUCA PERISUR","TONY TIENDAS","465311","Comercio al por menor de artículos de papelería","11 a 30 personas","CALLE","NINGUNO","AVENIDA","TEZONTLE","OTRO(ESPECIFIQUE)","MANZANA O EDIFICACIÓN CONTIGUA","CALLE","NINGUNO","0","KM 87+800",,,,"SUBA NC 4","COLONIA","AEROPUERTO","CENTRO Y PLAZA COMERCIAL","PLAZA PERISUR PACHUCA","SN","42083","13","HIDALGO","048","Pachuca de Soto","0001","Pachuca de Soto                                                                                               ","1550","019","7711333323",,,"Fijo","20.09170224","-98.77211493","2020-11"
"9417423","13051465311005033001012742S3","TONY SUC PACHUCA UNIVERSIDAD","TONY TIENDAS","465311","Comercio al por menor de artículos de papelería","31 a 50 personas","CARRETERA","PACHUCA A TULANCINGO","CALLE","NINGUNO","OTRO(ESPECIFIQUE)","NINGUNO","CALLE","NINGUNO","1658",,,,,,"COLONIA","ABUNDIO MARTINEZ",,,,"42184","13","HIDALGO","051","Mineral de la Reforma","0060","Abundio Martínez                                                                                              ","1236","002",,"FCOBAXIN@TONY.MX",,"Fijo","20.09478402","-98.7149454","2023-11"
"9493332","13048466410006423000000000U0","TURQUESA IMPORTACIONES",,"466410","Comercio al por menor de artículos usados","11 a 30 personas","PROLONGACION","EJIDO","CALLE","CALLE 1","AVENIDA","OAXACA","PROLONGACION","REFORMA AGRARIA",,"SN",,,,,"COLONIA","JAVIER ROJO GÓMEZ",,,,"42030","13","HIDALGO","048","Pachuca de Soto","0001","Pachuca de Soto                                                                                               ","0938","013","5620156674","ATENCION.TURQUESAIMPORTACIONES@GMAIL.COM",,"Fijo","20.12306725","-98.75819912","2024-11"
"1623829","13048468211001732001000000U9","TUZO DIESEL","TUZO DIESEL","468211","Comercio al por menor de partes y refacciones nuevas para automóviles, camionetas y camiones","11 a 30 personas","BOULEVARD","LUIS DONALDO COLOSIO","AVENIDA","FERROCARRIL CENTRAL","CALLE","30","AVENIDA","AVENIDA DEL REMATE","308",,,,,,"COLONIA","AMPLIACIÓN SANTA JULIA",,,,"42080","13","HIDALGO","048","Pachuca de Soto","0001","Pachuca de Soto                                                                                               ","0389","048",,"TUZODIESEL@HOTMAIL.COM",,"Fijo","20.10365058","-98.76655929","2010-07"
"10209598","13048465215001233000000000U2","TUZOMANIA","TUZOMANIA","465215","Comercio al por menor de artículos y aparatos deportivos","11 a 30 personas","BOULEVARD","EVERARDO MARQUEZ","BOULEVARD","RIO DE LAS AVENIDAS","PROLONGACION","SAN FELIPE DE LAS TORRES","PROLONGACION","VICENTE SEGURA",,"SN",,,,,"COLONIA","EXHACIENDA DE COSCOTITLÁN",,,,"42064","13","HIDALGO","048","Pachuca de Soto","0001","Pachuca de Soto                                                                                               ","2417","027",,,,"Fijo","20.11145453","-98.74747889","2024-11"
"1528893","13048463211005252001000000U9","VENTA DE UNIFORMES CASA SUSY","CASA SUSY ARKAN","463211","Comercio al por menor de ropa, excepto de bebé y lencería","11 a 30 personas","CALLE","MELCHOR OCAMPO","CALLE","JOSE MARIA MORELOS Y PAVON","CALLE","MIGUEL HIDALGO Y COSTILLA","CALLE","DEGOLLADO","200",,,,,,"COLONIA","CENTRO",,,,"42000","13","HIDALGO","048","Pachuca de Soto","0001","Pachuca de Soto                                                                                               ","0143","015",,,,"Fijo","20.12748568","-98.73075705","2010-07"
"6434063","13048311812001491002006897S6","VERTICHE","COMERCIAL IAC","463211","Comercio al por menor de ropa, excepto de bebé y lencería","11 a 30 personas","CALLE","VICENTE GUERRERO","CALLE","NICOLÁS ROMERO","CALLEJON","PRIVADA ROSALES","CALLE","NICOLÁS FLORES (PASAJE)","904","A",,,,,"COLONIA","CENTRO",,,,"42000","13","HIDALGO","048","Pachuca de Soto","0001","Pachuca de Soto                                                                                               ","0143","036",,"ATENCION.CLIENTES@VERTICHE.COM.MX","VERTICHE.MX","Fijo","20.12613403","-98.73403535","2010-07"
"6335974","13048463211005352003006721S7","VITTORIO FORTI PACHUCA","OPERADORA DE TRAJES","463211","Comercio al por menor de ropa, excepto de bebé y lencería","11 a 30 personas","AVENIDA","FELIPE ANGELES","BOULEVARD","FELIPE ÁNGELES","CALLE","CANAL","CALLE","MANZANA O EDIFICACIÓN CONTIGUA","102",,"CENTRO COMERCIAL GALERIAS PACHUCA","1",,,"COLONIA","ZONA PLATEADA","CENTRO Y PLAZA COMERCIAL","GALERIAS PACHUCA","138","42080","13","HIDALGO","048","Pachuca de Soto","0001","Pachuca de Soto                                                                                               ","1550","027",,"VFPACHUCA@VITTORIOFORTI.COM.MX","WWW.VITTORIOFORTI.COM.MX","Fijo","20.09765521","-98.76700859","2010-07"
"11303610","13048463310003753000000000U8","ZAPATERIA SABATA",,"463310","Comercio al por menor de calzado","11 a 30 personas","BOULEVARD","LUIS DONALDO COLOSIO","BOULEVARD","REVOLUCION DE 1910","CALLE","NINGUNO","CALLE","NINGUNO","0","SN",,"1",,,"ZONA COMERCIAL","GRAN PATIO","CENTRO Y PLAZA COMERCIAL","GRAN PATIO","SN","42064","13","HIDALGO","048","Pachuca de Soto","0001","Pachuca de Soto                                                                                               ","0779","021",,,,"Fijo","20.09444239","-98.75741956","2024-11"
"9956836","13048463310003593000000000U8","ZAPATERIAS ARTHER","COMERCIALIZADORA DEL CALZADO HERNANDEZ","463310","Comercio al por menor de calzado","11 a 30 personas","CALLE","MARIANO MATAMOROS","CALLE","PLAZA DE LA INDEPENDENCIA","CALLE","GUADALUPE VICTORIA","CALLE","IGNACIO JOSE DE ALLENDE","202",,,,,,"COLONIA","CENTRO",,,,"42000","13","HIDALGO","048","Pachuca de Soto","0001","Pachuca de Soto                                                                                               ","0143","021",,"PACHUCA.ARTHER@GMAIL.COM",,"Fijo","20.12641672","-98.73189017","2024-11"
"6335617","13048463211005484002002819S8","ZARA GALERIAS PACHUCA","ZARA MEXICO CONTRATO 1","463211","Comercio al por menor de ropa, excepto de bebé y lencería","31 a 50 personas","AVENIDA","FELIPE ANGELES","CALLE","MANZANA O EDIFICACIÓN CONTIGUA","BOULEVARD","FELIPE ÁNGELES","CALLE","CANAL","102",,,,,,"FRACCIONAMIENTO","ZONA PLATEADA","CENTRO Y PLAZA COMERCIAL","GALERIAS PACHUCA","SN","42084","13","HIDALGO","048","Pachuca de Soto","0001","Pachuca de Soto                                                                                               ","1550","027",,"CESARIDM@MX.INDITEX.COM","WWW.ZARA.COM.MX","Fijo","20.09765521","-98.76700859","2011-03"
"9304865","13048541370000041011000000U1","AEROFOTOGRAFIA DIGITAL","AEROFOTOGRACIA DIGITAL","488190","Otros servicios relacionados con el transporte aéreo","11 a 30 personas","PRIVADA","NINGUNO","CIRCUITO","TRANSFORMADORES","CALLE","NINGUNO","CALLE","CIRCUITO LA SEP",,"SN",,,,,"COLONIA","AEROPUERTO",,,,"42083","13","HIDALGO","048","Pachuca de Soto","0001","Pachuca de Soto                                                                                               ","0548","003",,,,"Fijo","20.07477975","-98.78240473","2020-11"
"6336440","13048488112000024000000000U8","AEROPUERTO JUAN GUILLERMO VILLASANA LOPEZ GOBIERNO DEL ESTADO DE HIDALGO","DIRECCION GENERAL DE SERVICIOS AEREOS DE LA SECRETARIA DE SEGURIDAD PUBLICA","488112","Administración de aeropuertos y helipuertos","11 a 30 personas","PRIVADA","NINGUNO","CIRCUITO","TRANSFORMADORES","CALLE","NINGUNO","OTRO(ESPECIFIQUE)","NINGUNO",,"SN",,,,,"COLONIA","AEROPUERTO",,,,"42080","13","HIDALGO","048","Pachuca de Soto","0001","Pachuca de Soto                                                                                               ","0548","003",,"AEROPUERTO_HGO2023@HOTMAIL.COM",,"Fijo","20.07439411","-98.78267998","2012-06"
"12273571","13048488190000023000000000U6","AIR ROTOR","GOBIERNO ESTATAL","488190","Otros servicios relacionados con el transporte aéreo","11 a 30 personas","PRIVADA","NINGUNO","CIRCUITO","TRANSFORMADORES","CALLE","NINGUNO","CALLE","CIRCUITO LA SEP",,"SN",,,,,"COLONIA","AEROPUERTO",,,,"42083","13","HIDALGO","048","Pachuca de Soto","0001","Pachuca de Soto                                                                                               ","0548","003",,,,"Fijo","20.07469845","-98.78246274","2026-04"
"11008652","13051488410000083000000000U6","ARRASTRE DE GRUA Y ASISTENCIA VIAL GRUAS AVIN",,"488410","Servicios de grúa","11 a 30 personas","CALLE","GENERAL FELIPE PASCASIO AFRODITA","AVENIDA","ZEUS","CERRADA","CERRADA DE AFRODITA","CALLE","JANTA",,"SN",,,,,"LOCALIDAD","PRI CHACÓN",,,,"42186","13","HIDALGO","051","Mineral de la Reforma","0055","PRI Chacón                                                                                                    ","1221","006",,,,"Fijo","20.08210816","-98.73582408","2024-11"
"10347626","13083484223000024000000000U4","AUTO TRANSPORTES REFRIGERADOS TORRES SA DE CV","OMAR VILLASEÑOR TORRES SA","484223","Autotransporte local con refrigeración","31 a 50 personas","CALLE","MONTE FLOR","CALLE","Monte Blanco","CALLE","Montecarlo","CALLE","MONTE FLOR","130",,,,,,"MANZANA","36",,,,"43845","13","HIDALGO","083","Zempoala","0102","Lindavista                                                                                                    ","0513","036","7715329846",,,"Fijo","20.02103198","-98.80229697","2024-11"
"6156712","13048484129000041011000000U0","AUTOTRANSPORTE FORÁNEO CON REFRIGERACIÓN SIN NOMBRE",,"484233","Autotransporte foráneo con refrigeración","11 a 30 personas","CALLE","LOMA ALTA","CALLE","LOMA BONITA","BOULEVARD","LOMAS","OTRO(ESPECIFIQUE)","NINGUNO","1242",,,,,,"FRACCIONAMIENTO","LOMAS RESIDENCIAL PACHUCA",,,,"42090","13","HIDALGO","048","Pachuca de Soto","0001","Pachuca de Soto                                                                                               ","0995","030",,,,"Fijo","20.10630386","-98.74336072","2010-07"
"1623686","13048485210000021000000000U9","AUTOTRANSPORTE VALLE DEL MEZQUITAL S.A. DE C.V","AUTOTRANSPORTES VALLE DEL MEZQUITAL","485210","Transporte colectivo foráneo de pasajeros de ruta fija","11 a 30 personas","CALLE","NINGUNO","CALZADA","CUESCO","CALLE","NINGUNO","CALLE","NINGUNO","0","SN",,,,,"COLONIA","CUESCO",,,,,"13","HIDALGO","048","Pachuca de Soto","0001","Pachuca de Soto                                                                                               ","0976","008","7717122714",,"WWW.OVNIBUS.COM.MX","Fijo","20.10656198","-98.75208727","2026-04"
"1569337","13048484129000131001000000U9","AUTOTRANSPORTES DE CARGA TRES GUERRAS","AUTOTRANSPORTES DE CARGA TRES GUERRAS","484129","Otro autotransporte foráneo de carga general","31 a 50 personas","CARRETERA","MEXICO-PACHUCA","CALLE","NINGUNO","CALLE","PRINCIPAL","CALLE","NINGUNO",,"SN",,,,,"LOCALIDAD","SANTA MATILDE",,,,"42119","13","HIDALGO","048","Pachuca de Soto","0001","Pachuca de Soto                                                                                               ","2421","037",,,"WWW.TRESGUERRAS.COM.MX","Fijo","20.03511851","-98.79869635","2026-04"
"6156724","13048485210000293002099052M4","AUTOTRANSPORTES HIBE","AUTOTRANSPORTES HIBE","485210","Transporte colectivo foráneo de pasajeros de ruta fija","11 a 30 personas","CALLE","ALEXANDER VON HUMBOLDT","CALLE","REFORMA","CALLE","CANDELARIO RIVAS","PEATONAL","NINGUNO","303",,,,,,"COLONIA","EL ARBOLITO",,,,"42010","13","HIDALGO","048","Pachuca de Soto","0001","Pachuca de Soto                                                                                               ","1194","017",,"HIBESATUR@GMAIL.COM",,"Fijo","20.13516811","-98.73082382","2014-12"
"6156626","13048484231000023011000000U2","AUTOTRANSPORTES PACHOACAN","AUTOTRANSPORTES PACHOACAN","484129","Otro autotransporte foráneo de carga general","11 a 30 personas","BOULEVARD","LUIS DONALDO COLOSIO","CALLE","CANAL","CERRADA","CHAMIZAL","OTRO(ESPECIFIQUE)","NINGUNO","90",,,,"1",,"COLONIA","AMPLIACIÓN SANTA JULIA",,,,"42080","13","HIDALGO","048","Pachuca de Soto","0001","Pachuca de Soto                                                                                               ","0976","020",,"AUTOTRANPORTESPACHOACAN@HOTMAIL.COM",,"Fijo","20.10227278","-98.76513027","2010-07"
"9295083","13048485111000261001000000U1","BASE TRANSPORTES COLECTIVOS RUTA 68 PACHUCA CEREZO ESTANZUELA",,"485111","Transporte colectivo urbano y suburbano de pasajeros en autobuses de ruta fija","11 a 30 personas","CALLE","ANTIGUA AL REAL","CALLE","2DA ESPAÑITA","PRIVADA","NINGUNO","CALLE","NINGUNO",,"SN",,,,,"BARRIO","LA ESPAÑITA",,,,"42018","13","HIDALGO","048","Pachuca de Soto","0001","Pachuca de Soto                                                                                               ","0834","014","7712017677",,,"Fijo","20.13597488","-98.72549536","2020-11"
"9281241","13051327320000103000000000U8","CENTRO DE DISTRIBUCION CEMEX TOLTECA PACHUCA","CEMEX S.A.B DE C.V","484231","Autotransporte foráneo de materiales para la construcción","11 a 30 personas","AVENIDA","INDEPENDENCIA","AVENIDA","INDEPENDENCIA","AVENIDA","INDEPENDENCIA","CALLE","MILAN",,"SN",,,,,"COLONIA","EL PORTEZUELO",,,,"42184","13","HIDALGO","051","Mineral de la Reforma","0026","El Portezuelo                                                                                                 ","119A","023","7711534123",,"WWW.CEMEXMEXICO.COM","Fijo","20.08535474","-98.71927995","2026-04"
"1620951","13048532492000034022000000U9","GRUAS ATRA","ASESORES DE TRASLADOS Y EL RESCATE AUTOMOTRIZ","488410","Servicios de grúa","11 a 30 personas","PROLONGACION","LEY AGRARIA","CALLE","MEXICO-PACHUCA","CALLE","18 DE AGOSTO","CALLE","REFORMA AGRARIA",,"SN",,,,,"MANZANA","SANTA MATÍLDE",,,,"42119","13","HIDALGO","048","Pachuca de Soto","0001","Pachuca de Soto                                                                                               ","2421","027","7717117380","GRUAS_ATRAPACHUCA1@HOTMAIL.COM",,"Fijo","20.03071362","-98.80174188","2010-07"
"1620789","13048488410000042001000000U8","GRUAS RODO",,"488410","Servicios de grúa","11 a 30 personas","BOULEVARD","LIBRAMIENTO LAS TORRES","CALLE","NINGUNO","BOULEVARD","NEMORIO AVILA LOZANO","BOULEVARD","NEMORIO AVILA LOZANO",,"SN",,,,,"COLONIA","SAN ANTONIO DEL DESMONTE",,,,"42111","13","HIDALGO","048","Pachuca de Soto","0001","Pachuca de Soto                                                                                               ","2313","003",,"GRUAS_RODO@HOTMAIL.COM",,"Fijo","20.03857911","-98.78713395","2010-07"
"6156763","13052484239000012001000000U0","GRUPO ARSALDA","GRUPO ARSALDA","484239","Otro autotransporte foráneo de carga especializado","11 a 30 personas","CARRETERA","PACHUCA-TULA","CERRADA","NUEVO LEON","CERRADA","NINGUNO","CALLE","NINGUNO",,"SN",,,,,"BARRIO","HUIZACHE",,,,"42160","13","HIDALGO","052","San Agustín Tlaxiaca","0001","San Agustín Tlaxiaca                                                                                          ","0288","014","7437915222","GRUPO_ARSALDA@HOTMAIL.COM",,"Fijo","20.1194674","-98.90231461","2014-12"
"6156625","13048485111000155001014388M5","LINEA AUTOTRANSPORTES DE HIDALGO","LINEA AUTOTRANSPORTES DE HIDALGO","485111","Transporte colectivo urbano y suburbano de pasajeros en autobuses de ruta fija","31 a 50 personas","BOULEVARD","JAVIER ROJO GOMEZ","BOULEVARD","FELIPE ANGELES","CALZADA","CUESCO","CALLE","NINGUNO","400","SN",,,,"SN","COLONIA","EXHACIENDA DE COSCOTITLÁN","CENTRAL CAMIONERA","TERMINAL CENTRAL DE AUTOBUSES DE PASAJEROS DE PACHUCA","SN","42080","13","HIDALGO","048","Pachuca de Soto","0001","Pachuca de Soto                                                                                               ","0976","008",,"LINAUTDHGO@HOTMAIL.COM",,"Fijo","20.10656146","-98.75208227","2010-07"
"9405637","13048468411000711111013957S0","OMNIBUS DE MEXICO","OMNIBUS DE MEXICO","485210","Transporte colectivo foráneo de pasajeros de ruta fija","11 a 30 personas","AVENIDA","EVERARDO MÁRQUEZ","OTRO(ESPECIFIQUE)","COSCOTITLÁN","OTRO(ESPECIFIQUE)","LÁZARO CÁRDENAS","OTRO(ESPECIFIQUE)","AVENIDA DE LOS MAESTROS","1000",,,,," ","COLONIA","COSCOTITLÁN",,,,"42060","13","HIDALGO","048","Pachuca de Soto","0001","Pachuca de Soto                                                                                               ","2328","012",,,,"Fijo","20.10036397","-98.74679116","2024-05"
"1538911","13048485210000243010003133S9","PAQUETERIA Y MENSAJERIA ESTRELLA BLANCA","AUTOBUSES ESTRELLA BLANCA","485210","Transporte colectivo foráneo de pasajeros de ruta fija","11 a 30 personas","BOULEVARD","JAVIER ROJO GOMEZ","AVENIDA","RÍO DE LAS AVENIDAS","CALLE","EVERARDO MÁRQUEZ","CALLE","COSCOTITLÁN","102",,"EDIFICIO SIN NOMBRE","1",,,"COLONIA","COSCOTITLÁN","CENTRO Y PLAZA COMERCIAL","PLAZA PREMIER","A Y B","42094","13","HIDALGO","048","Pachuca de Soto","0001","Pachuca de Soto                                                                                               ","2328","020",,"GGUTIEEREZ@ESTRELLABLANCA.COM.MX",,"Fijo","20.10544843","-98.74769558","2011-03"
"1625688","13048561330000011002000000U3","RACE CARRETERAS",,"484129","Otro autotransporte foráneo de carga general","31 a 50 personas","BOULEVARD","EVERARDO MARQUEZ","CALLE","NINGUNO","BOULEVARD","JAVIER ROJO GOMEZ","BOULEVARD","PANORAMICO CARRETERA LAS BOMBAS-LA PAZ","130",,,,,,"FRACCIONAMIENTO","COSCOTITLÁN",,,,"42092","13","HIDALGO","048","Pachuca de Soto","0001","Pachuca de Soto                                                                                               ","2328","001",,,,"Fijo","20.09915602","-98.74637266","2010-07"
"9316451","13048485111000241001000000U1","RUTA 48 PALMAR-IMSSS","TRANSPORTE COLECTIVO HIDALGUENSE Y RAMALES","485111","Transporte colectivo urbano y suburbano de pasajeros en autobuses de ruta fija","31 a 50 personas","CALLE","PUERTO PEÑASCO","CALLE","PUERTO MAZATLAN","CALLE","PUERTO CAMPECHE","CALLE","NINGUNO","7637",,,,,,"COLONIA","EL PALMAR",,,,"42088","13","HIDALGO","048","Pachuca de Soto","0001","Pachuca de Soto                                                                                               ","1052","003","7711799872",,,"Fijo","20.10948915","-98.77034885","2020-11"
"10580890","13048484232000042000000000U0","SERVICIO DE ADMINISTRACION","SERVICIO TRAPALA E HIJOS","484232","Autotransporte foráneo de materiales y residuos peligrosos","31 a 50 personas","AVENIDA","CAMINO REAL DE LA PLATA","CALLE","NINGUNO","BOULEVARD","FELIPE ANGELES ","AVENIDA","CAMINO REAL DE LA PLATA ","110",,"EDIFICIO SIN NOMBRE","20",,,"COLONIA","ZONA PLATEADA","EDIFICIO COMERCIAL Y DE SERVICIOS","TORRE PRISMA","SN","42084","13","HIDALGO","048","Pachuca de Soto","0001","Pachuca de Soto                                                                                               ","1550","023","5535775002","TRANSPORTE.TRAPALA@GMAIL.COM",,"Fijo","20.09775267","-98.77187056","2024-11"
"12276077","13048484129000283000000000U8","SLDC","SLDC TRANSLOG","484129","Otro autotransporte foráneo de carga general","11 a 30 personas","AVENIDA","CAMINO REAL DE LA PLATA","AVENIDA","CAMINO REAL DE LA PLATA","BOULEVARD","NINGUNO","AVENIDA","NINGUNO",,"SN","TORRE DE PLATA","20",,,"COLONIA","ZONA PLATEADA",,,,"42064","13","HIDALGO","048","Pachuca de Soto","0001","Pachuca de Soto                                                                                               ","1550","023",,"INFO@SLDCGL.COM","SLDCGL.COM","Fijo","20.09731682","-98.77015279","2026-04"
"1568911","13048485111000161011014398S3","TAQUILLA VILLAS 2","AUTOTRANSPORTES VALLE DEL MEZQUITAL","485210","Transporte colectivo foráneo de pasajeros de ruta fija","11 a 30 personas","CALLE","FELIPE ÁNGELES","CERRADA","NINGUNO","CALLE","AVENIDA DE LAS AVES","AVENIDA","PRIMERA DE LAS AVES","82",,,,,,"COLONIA","SAN ANTONIO EL DESMONTE",,,,"42083","13","HIDALGO","048","Pachuca de Soto","0001","Pachuca de Soto                                                                                               ","1156","029",,,,"Fijo","20.05478505","-98.78691674","2014-12"
"6156717","13051485111000044002000000U5","TRANSPORTE COLECTIVO CALERA PACHUCA Y RAMALES","TRANSPORTE COLECTIVO CALERA PACHUCA Y RAMALES","485111","Transporte colectivo urbano y suburbano de pasajeros en autobuses de ruta fija","31 a 50 personas","AVENIDA","SANTA ANA","CALLE","SAN JORGE ","CALLE","SAN JORGE ","CALLE","SAN GREGORIO",,"SN",,,,,"COLONIA","PEDREGAL DE LOS ANGELES",,,,"42181","13","HIDALGO","051","Mineral de la Reforma","0083","Rinconada de los Ángeles                                                                                      ","1984","012",,,,"Fijo","20.02584103","-98.7007236","2010-07"
"10058386","13051484129000103000000000U2","TRANSPORTE DE CARGA RAEL BUTRON","TRANSPORTES RAFAEL BUTRON","484129","Otro autotransporte foráneo de carga general","31 a 50 personas","CALLE","CAMINO REAL","CALLE","LAZARO CARDENAS","CALLE","VENUSTIANO CARRANZA","CALLE","NINGUNO",,"SN",,,,,"LOCALIDAD","NUEVO CENTRO DE POBLACIÓN AGRICOLA EL CHACÓN",,,,"42186","13","HIDALGO","051","Mineral de la Reforma","0033","Nuevo Centro de Población Agrícola el Chacón                                                                  ","0577","020",,,,"Fijo","20.07202321","-98.7420523","2024-11"
"6156764","13052487110000012102000000U0","TRANSPORTE TURÍSTICO POR TIERRA SIN NOMBRE",,"487110","Transporte turístico por tierra","11 a 30 personas","AVENIDA","INDEPENDENCIA","CALLE","PLAZA JUÁREZ","CALLE","AMADO NERVO","CALLE","5 DE MAYO",,"SN",,,,,"COLONIA","FRESNO",,,,"42160","13","HIDALGO","052","San Agustín Tlaxiaca","0001","San Agustín Tlaxiaca                                                                                          ","0292","021",,"RIVERTOURS@HOTMAIL.COM",,"Fijo","20.11615191","-98.88643674","2014-12"
"10372536","13051484119000032000000000U4","TRANSPORTES CANO","TRANSPORTES CANO","484129","Otro autotransporte foráneo de carga general","11 a 30 personas","AVENIDA","BENITO JUAREZ","CARRETERA","PACHUCA-TULANCINGO","AVENIDA","AVILA CAMACHO","CALLE","NINGUNO",,"SN",,,,,"COLONIA","PACHUQUILLA CENTRO",,,,"42180","13","HIDALGO","051","Mineral de la Reforma","0001","Pachuquilla                                                                                                   ","0204","013","7712408699",,,"Fijo","20.06924272","-98.69415701","2024-11"
"6156632","13048484129000124001014390M4","TRANSPORTES CARRASCO","TRANSPORTES CARRASCO","484129","Otro autotransporte foráneo de carga general","11 a 30 personas","BOULEVARD","EVERARDO MARQUEZ","CALLE","NINGUNO","BOULEVARD","JAVIER ROJO GOMEZ","BOULEVARD","PANORAMICO CARRETERA LAS BOMBAS-LA PAZ",,"SN",,,,,"COLONIA","COSCOTITLÁN",,,,"42080","13","HIDALGO","048","Pachuca de Soto","0001","Pachuca de Soto                                                                                               ","2328","001",,"FRANCISCOTCARRASCO@YAHOO.COM.MX",,"Fijo","20.09988712","-98.74642404","2010-07"
"10923033","13051484239000024000000000U7","TRANSPORTES CORTES",,"484239","Otro autotransporte foráneo de carga especializado","31 a 50 personas","PRIVADA","NINGUNO","BOULEVARD","PASEOS DE CHAVARRIA","OTRO(ESPECIFIQUE)","MANZANA O EDIFICACION CONTIGUA","OTRO(ESPECIFIQUE)","MANZANA O EDIFICACION CONTIGUA",,"SN",,,,,"FRACCIONAMIENTO","OCTAVA",,,,"42186","13","HIDALGO","051","Mineral de la Reforma","0148","Paseos de Chavarría                                                                                           ","2287","041","7711003355","ANGEL_FLETES@HOTMAIL.COM",,"Fijo","20.04232236","-98.7300647","2024-11"
"1525780","13048484129000011101014128S3","TRANSPORTES DE CARGA ALAS DEL GOLFO","TRANSPORTES DE CARGA ALAS DEL GOLFO","484129","Otro autotransporte foráneo de carga general","11 a 30 personas","CALLE","GARDENIA","BOULEVARD","LAS PALMAS","CALLE","NINGUNO","CALLE","NINGUNO","904",,,,,,"COLONIA","LA PALMA",,,,"42083","13","HIDALGO","048","Pachuca de Soto","0001","Pachuca de Soto                                                                                               ","2489","040",,"LINDAACOSTAFLORES@HOTMAIL.COM","WWW.ALASDELGOLFO.COM","Fijo","20.04589297","-98.80699042","2010-07"
"11294490","13051484129000073000000000U7","TRANSPORTES FRADY","TRANSPORTES AVG","484129","Otro autotransporte foráneo de carga general","11 a 30 personas","AVENIDA","PRIMERO DE MAYO","AVENIDA","PRIMERO DE MAYO","AVENIDA","PRIMERO DE MAYO","CARRETERA","VIEJA A LA PROVIDENCIA",,"SN",,,,,"LOCALIDAD","EL SAUCILLO",,,,"42186","13","HIDALGO","051","Mineral de la Reforma","0014","El Saucillo                                                                                                   ","1147","008","7713775734",,,"Fijo","20.08020929","-98.74253263","2024-11"
"6156752","13051484129000044002000000U8","TRANSPORTES GUILLERMO BUTRON","TRANSPORTES GUILLERMO BUTRON","484129","Otro autotransporte foráneo de carga general","31 a 50 personas","CALLE","VENUSTIANO CARRANZA","CALLE","CAMINO REAL","CALLE","NINGUNO","OTRO(ESPECIFIQUE)","NINGUNO","300",,,,"0","SN","COLONIA","NUEVO CENTRO DE POBLACIÓN AGRICOLA EL CHACÓN",,,,"42181","13","HIDALGO","051","Mineral de la Reforma","0033","Nuevo Centro de Población Agrícola el Chacón                                                                  ","0577","034",,"TRANS.GUILLERMOBUTRON@HOTMAIL.COM",,"Fijo","20.07307587","-98.74332183","2014-12"
"9232816","13051485111000063010041351M5","TRANSPORTES INTERHIDALGUENSES","TRANSPORTES INTERHIDALGUENSES","485210","Transporte colectivo foráneo de pasajeros de ruta fija","11 a 30 personas","CALLE","MARIA LUISA ROSS LANDA","CALLE","NINGUNO","BOULEVARD","LUIS DONALDO COLOSIO CARRETERA LIBRAMIENTO A TAMPICO","CALLE","NINGUNO","255",,,,,,"COLONIA","ABUNDIO MARTINEZ",,,,"42184","13","HIDALGO","051","Mineral de la Reforma","0060","Abundio Martínez                                                                                              ","1236","005",,,,"Fijo","20.09623697","-98.71945208","2020-04"
"11200924","13051484129000062000000000U0","TRANSPORTES MA. LUISA CHAPA MARTINEZ",,"484129","Otro autotransporte foráneo de carga general","11 a 30 personas","AVENIDA","PRIMERO DE MAYO","CARRETERA","PACHUCA - CIUDAD SAHAGUN","CALLE","SAN FRANCISCO","CARRETERA","VIEJA A LA PROVIDENCIA",,"SN",,,,,"COLONIA","EL SAUCILLO",,,,"42186","13","HIDALGO","051","Mineral de la Reforma","0014","El Saucillo                                                                                                   ","1147","008","7711278053",,,"Fijo","20.0801801","-98.74240839","2024-11"
"9317334","13048487110000141010000000U4","TRANSPORTES OLVERA CLASS",,"485210","Transporte colectivo foráneo de pasajeros de ruta fija","11 a 30 personas","AVENIDA","1","AVENIDA","4","AVENIDA","6","BOULEVARD","BOULEVARD DEL MINERO","238",,,,,,"COLONIA","PLUTARCO ELÍAS CALLES",,,,"42035","13","HIDALGO","048","Pachuca de Soto","0001","Pachuca de Soto                                                                                               ","0919","036",,,,"Fijo","20.12404325","-98.76527941","2020-11"
"11744066","13048484119000033000000000U8","TRANSPORTES RAFAEL BUTRON",,"484119","Otro autotransporte local de carga general","11 a 30 personas","OTRO(ESPECIFIQUE)","MALEZA","AVENIDA","Francisco Villa","CALLE","Ninguno","CALLE","General Vicente Guerrero",,"SN",,,,,"COLONIA","ADOLFO LÓPEZ MATEOS",,,,,"13","HIDALGO","048","Pachuca de Soto","0001","Pachuca de Soto                                                                                               ","2188","009","7717163958",,,"Fijo","20.08719324","-98.74330944","2025-04"
"6716549","13048487110000082001000000U1","TRANSPORTES TURISTICOS OLVERA",,"487110","Transporte turístico por tierra","11 a 30 personas","BOULEVARD","LUIS DONALDO COLOSIO","CALLE","NEVADO DE POPOCATEPETL","PROLONGACION","JAVIER ROJO GOMEZ","CALLE","COFRE DE PEROTE","101",,,,"2",,"COLONIA","SAN CAYETANO EL BORDO",,,,"42084","13","HIDALGO","048","Pachuca de Soto","0001","Pachuca de Soto                                                                                               ","0406","024","7711330465","OLVERATOURS@HOTMAIL.COM","WWW.TRANSPORTESTURISTICOSOLVERA.COM.MX","Fijo","20.1082051","-98.77179829","2016-01"
"6694343","13051485111000034001000000U6","TRANSPORTES URBANOS DE PACHUCA","RUTA UNIDAD MINERA CENTRO","485111","Transporte colectivo urbano y suburbano de pasajeros en autobuses de ruta fija","11 a 30 personas","AVENIDA","MINEROS","CIRCUITO","11DE JULIO","ANDADOR","SOTAMINERO","OTRO(ESPECIFIQUE)","NINGUNO",,"SN",,,,,"COLONIA","UNIDAD MINERA 11 DE JULIO",,,,"42096","13","HIDALGO","051","Mineral de la Reforma","0147","Unidad Minera 11 de Julio                                                                                     ","1630","040",,,,"Fijo","20.10659721","-98.72197726","2016-01"
"9299167","13048484129000261001000000U4","TRANSPORTES ZUÑIGA ARISTA","TRANSPORTES ZUÑIGA ARISTA","484129","Otro autotransporte foráneo de carga general","31 a 50 personas","CARRETERA","FEDERAL MEXICO A LAREDO","CALLE","NINGUNO","CALLE","MIGUEL HIDALGO","CALLE","NINGUNO",,"SN",,,,,"LOCALIDAD","SANTIAGO TLAPACOYA",,,,"42110","13","HIDALGO","048","Pachuca de Soto","0158","Santiago Tlapacoya                                                                                            ","2686","021","7713199301",,,"Fijo","20.11468238","-98.82326466","2020-11"
"1592589","13048485510000031002000000U1","TURISTICOS GUERRERO","TURISTICOS GUERRERO","485510","Alquiler de autobuses con chofer","11 a 30 personas","OTRO(ESPECIFIQUE)","LUIS DONALDO COLOSIO","BOULEVARD","GABRIEL MANCERA","CALLE","BOULEVARD DEL MINERO","PROLONGACION","DIAMANTE",,"SN",,,,,"COLONIA","COLOSIO I",,,,"42039","13","HIDALGO","048","Pachuca de Soto","0001","Pachuca de Soto                                                                                               ","1936","030",,,"WWW.TURISTICOSGUERRERO.COM","Fijo","20.11904023","-98.78350333","2014-12"
"6156677","13048487110000063100000000U1","TURISVAN PACHUCA SA DE CV","TURISVAN PACHUCA","485510","Alquiler de autobuses con chofer","11 a 30 personas","BOULEVARD","LUIS DONALDO COLOSIO","CALLE","JAZMÍN","AVENIDA","AVENIDA DE LAS TORRES","AVENIDA","AYUNTAMIENTO",,"SN",,,,,"COLONIA","COLOSIO I",,,,"42080","13","HIDALGO","048","Pachuca de Soto","0001","Pachuca de Soto                                                                                               ","1955","024",,"TURISVANPACHUCA@HOTMAIL.COM",,"Fijo","20.11875193","-98.78384057","2010-07"
"12319328","13051492210000023000000000U0","BODEGA PAQUETERIA E&E GROU","E&E GROUP ECONOMICS GROUP","492210","Servicios de mensajería y paquetería local","11 a 30 personas","CALLE","VENUSTIANO CARRANZA","CERRADA","EMILIANO CARRAZA","CALLE","CAMINO REAL","CALLE","VENUSTIANO CARRANZA","2",,,,,,"LOCALIDAD","NUEVO CENTRO DE POBLACIÓN AGRICOLA EL CHACÓN",,,,"42186","13","HIDALGO","051","Mineral de la Reforma","0033","Nuevo Centro de Población Agrícola el Chacón                                                                  ","0577","028",,,,"Fijo","20.07174488","-98.74125366","2026-04"
"9280481","13048493119000072001000000U5","CONTRUCCION INMBOLIARIA CHAPA AGUILAR","CONSTRUCCION INMOBILIA CHAPA AGUILAR","493119","Otros servicios de almacenamiento general sin instalaciones especializadas","11 a 30 personas","CALLE","MONTAÑISTAS","CALLE","NARCISO MENDOZA","CALLE","DELEGACIÓN AGRARIA","AVENIDA","OAXACA","403",,,,,,"COLONIA","JAVIER ROJO GÓMEZ",,,,"42030","13","HIDALGO","048","Pachuca de Soto","0001","Pachuca de Soto                                                                                               ","0938","006",,"CICAFERMIN@GMAIL.COM",,"Fijo","20.12204067","-98.75959206","2020-11"
"10497475","13048492110000594000013816S8","ESTAFETA MEXICANA","ESTAFETA MEXICANA","492110","Servicios de mensajería y paquetería foránea","31 a 50 personas","CALLE","MEXICO PACHUCA","BOULEVARD","LAS PALMAS","CALLE","NINGUNO","BOULEVARD","LAS PALMAS",,"SN",,,,,"COLONIA","SAN ANTONIO EL DESMONTE",,,,"42083","13","HIDALGO","048","Pachuca de Soto","0001","Pachuca de Soto                                                                                               ","0783","048","7711879196",,,"Fijo","20.04374834","-98.79328523","2024-11"
"8620196","13051492110000073100013816S7","ESTAFETA MEXICANA","ESTAFETA MEXICANA","492110","Servicios de mensajería y paquetería foránea","11 a 30 personas","AVENIDA","REVOLUCIÓN","CALLE","Ninguno","CALLE","16 de Enero de 1869","CALLE","Viaducto Río de las Avenidas","1207",,,,,,"COLONIA","PERIODISTAS",,,,"42060","13","HIDALGO","048","Pachuca de Soto","0001","Pachuca de Soto                                                                                               ","2417","005","7717120714","JAIME.GODINEZ@ESTAFETA.COM","WWW.ESTAFETA.COM","Fijo","20.11595413","-98.74289644","2019-11"
"6434475","13048492110000291001003126S1","HPU - CARRETERA CUBITOS","DHL EXPRESS MEXICO","492110","Servicios de mensajería y paquetería foránea","31 a 50 personas","BOULEVARD","EVERARDO MÁRQUEZ","CALLE","PANORÁMICO CARRETERA LAS BOMBAS-LA PAZ","BOULEVARD","JAVIER ROJO GÓMEZ","BOULEVARD","NINGUNO","477",,,,,,"COLONIA","COSCOTITLÁN",,,,"42092","13","HIDALGO","048","Pachuca de Soto","0001","Pachuca de Soto                                                                                               ","2328","001",,,"WWW.DHL.COM/MX-ES/HOME.HTML","Fijo","20.09643594","-98.74618148","2010-07"
"12318719","13051492110000233000000000U7","MACRO LOGISTIC","LOGISTICA DE MEXICO","492110","Servicios de mensajería y paquetería foránea","11 a 30 personas","CALLE","NINGUNO","CARRETERA","PARQUE INDUSTRIAL CANACINTRA","AVENIDA","C A","OTRO(ESPECIFIQUE)","NINGUNO",,"SN",,,,,"LOCALIDAD","LA REFORMA (CANACINTRA)",,,,"42186","13","HIDALGO","051","Mineral de la Reforma","0157","La Reforma (CANACINTRA) [Parque Industrial]                                                                   ","0577","005","7714895530",,,"Fijo","20.06777411","-98.74423183","2026-04"
"12319147","13051492110000254000000000U3","PAQUETERIA & MENSAJERIA CASTORES","TRANSPORTES CASTORES DE BAJA CALIFORNIA","492110","Servicios de mensajería y paquetería foránea","31 a 50 personas","CALLE","NINGUNO","CALLE","VENUSTIANO CARRANZA","CALLE","NINGUNO","CALLE","VENUSTIANO CARRANZA",,"SN",,,,,"LOCALIDAD","NUEVO CENTRO DE POBLACION AGRICOLA EL CHACON",,,,"42186","13","HIDALGO","051","Mineral de la Reforma","0033","Nuevo Centro de Población Agrícola el Chacón                                                                  ","0577","020","4773934870",,,"Fijo","20.0711674","-98.74396446","2026-04"
"9319090","13051492110000141000000000U7","PAQUETERIA ENTREGA EXPRESS",,"492110","Servicios de mensajería y paquetería foránea","11 a 30 personas","CALLE","TOTCHZI","CALLE","IZTACCIHUATL","AVENIDA","MAGISTERIO","CALLE","LIBRAMIENTO",,"SN",,,,,"COLONIA","LA COLONIA",,,,"42083","13","HIDALGO","051","Mineral de la Reforma","0096","La Colonia                                                                                                    ","1700","008","7712850682","ENTREGAEXPRESS.SAUL@HOTMAIL.COM",,"Fijo","20.05456155","-98.77241196","2020-11"
"6156634","13048484129000213010041440M5","PAQUETEVIA PACHUCA","PAQUETEVIA PACHUCA","492110","Servicios de mensajería y paquetería foránea","11 a 30 personas","CALLE","IZTACCIHUATL","CALLE","VOLCAN CHACAHUA","CALLE","MONTAÑA DE TACANA","CALLE","COFRE DE PEROTE","118",,,,,,"COLONIA","SAN CAYETANO EL BORDO",,,,"42084","13","HIDALGO","048","Pachuca de Soto","0001","Pachuca de Soto                                                                                               ","0406","009",,"PAQUETEVIAP@LIVE.COM.MX",,"Fijo","20.10357266","-98.76971964","2010-07"
"11216755","13051492110000183000000000U4","PAQUETRIA GRUPO AMPM","REPARTOS RAPIDOS","492110","Servicios de mensajería y paquetería foránea","11 a 30 personas","CALLE","CEDRO","CERRADA","NINGUNO","CALLE","EBANO","OTRO(ESPECIFIQUE)","CANAL DE AGUAS NEGRAS","103","A",,,,,"COLONIA","ÁLAMO RÚSTICO",,,,"42184","13","HIDALGO","051","Mineral de la Reforma","0020","Álamo Rustico                                                                                                 ","1170","006",,,"WWW.GRUPOAMPM.COM","Fijo","20.10293238","-98.71659572","2024-11"
"9401060","13048492110000421001014027S4","PROLONGACION JAIME NUNO","UNITED PARCEL SERVICE DE MEXICO","492110","Servicios de mensajería y paquetería foránea","11 a 30 personas","AVENIDA","16 DE ENERO DE 1869","AVENIDA","REVOLUCIÓN","CALLE","GENERAL VICENTE SEGURA","CALLE","JAIME NUNÓ","1106",,,,,,"COLONIA","REVOLUCIÓN","CENTRO Y PLAZA COMERCIAL","REVO","SN","42060","13","HIDALGO","048","Pachuca de Soto","0001","Pachuca de Soto                                                                                               ","2417","010",,,,"Fijo","20.11609173","-98.74365522","2023-11"
"9325209","13048492110000391100041607M4","QUALITYPOST SERVICIO DE PAQUETERIA","QPN NUEVO LEON","492110","Servicios de mensajería y paquetería foránea","11 a 30 personas","CALLE","4","CALLE","LA PERA","CALLE","DELEGACIÓN AGRARIA","CALLE","2",,"SN",,,,"SN","COLONIA","AMPLIACIÓN SANTA JULIA",,,,"42070","13","HIDALGO","048","Pachuca de Soto","0001","Pachuca de Soto                                                                                               ","0961","040","5571127472",,"QUALITYPOST.COM.MX","Fijo","20.10902624","-98.76026063","2020-11"
"12319365","13051492110000203000014026S0","SERVICIO CONTINENTAL DE MENSAJERIA Y CARSA","SCM OPERACIONES","492210","Servicios de mensajería y paquetería local","11 a 30 personas","AVENIDA","A","CALLE","NINGUNO","AVENIDA","B","AVENIDA","B","28",,,,,,"LOCALIDAD","LA REFORMA (CANACINTRA)",,,,"42186","13","HIDALGO","051","Mineral de la Reforma","0157","La Reforma (CANACINTRA) [Parque Industrial]                                                                   ","0577","004",,,,"Fijo","20.06611991","-98.7425327","2026-04"
"11829846","13051492110000243000000000U6","TRANSPORTES H2G SOLUCIONES","TRANSPORTES BAUTISTA DE TIJUANA","492110","Servicios de mensajería y paquetería foránea","11 a 30 personas","AVENIDA","A","CALLE",,"AVENIDA",,"CALLE",,"27",,,,,,"LOCALIDAD","NUEVO CENTRO DE POBLACION AGRICOLA EL CHACON",,,,"42186","13","HIDALGO","051","Mineral de la Reforma","0157","La Reforma (CANACINTRA) [Parque Industrial]                                                                   ","0577","004","7712600925","COTIZACIONEZ@TBTLOG.COM",,"Fijo","20.06614195","-98.74257011","2025-04"
